country,Indicator,1999,2000,2001,2002,2003,2004,2005,2006,2007,2008,2009,2010,2011,2012,2013,2014,2015,2016,2017,2018,2019
Afghanistan,Sanitation,21.9,21.9,23.3,24.7,26.1,27.5,28.9,30.4,31.9,33.4,34.9,36.4,38,39.5,41.1,42.6,44.2,45.8,47.4,49,50.5
Angola,Sanitation,27.6,29,30.4,31.9,33.3,34.7,36,37.3,38.5,39.8,41.1,42.3,43.6,44.9,46.1,47.4,48.6,49.9,51.1,51.4,51.7
Albania,Sanitation,89.5,90,90.6,91.2,91.7,92.3,92.9,93.5,94.1,94.6,95.2,95.7,96.2,96.7,97.2,97.7,98.1,98.5,99,99.2,99.3
Andorra,Sanitation,100,100,100,100,100,100,100,100,100,100,100,100,100,100,100,100,100,100,100,100,100
Armenia,Sanitation,87,87.3,87.7,88.1,88.5,88.9,89.3,89.7,90.1,90.5,90.9,91.3,91.7,92.1,92.5,92.9,93.2,93.5,93.7,93.9,93.9
American Samoa,Sanitation,64.9,64.9,64.9,64.9,64.9,64.9,64.8,64.8,64.8,63.7,62.5,61.4,60.2,59.1,57.9,56.8,55.6,54.5,54.5,54.5,54.5
Australia,Sanitation,100,100,100,100,100,100,100,100,100,100,100,100,100,100,100,100,100,100,100,100,100
Austria,Sanitation,100,100,100,100,100,100,100,100,100,100,100,100,100,100,100,100,100,100,100,100,100
Burundi,Sanitation,45.2,45.4,45.6,45.8,45.9,45.9,45.9,45.9,45.9,45.9,45.9,45.9,45.9,45.9,45.9,45.9,45.9,45.8,45.8,45.7,45.7
Belgium,Sanitation,99.5,99.5,99.5,99.5,99.5,99.5,99.5,99.5,99.5,99.5,99.5,99.5,99.5,99.5,99.5,99.5,99.5,99.5,99.5,99.5,99.5
Benin,Sanitation,9.2,9.5,9.82,10.2,10.5,10.9,11.2,11.6,12,12.4,12.8,13.1,13.5,14,14.4,14.8,15.2,15.6,16.1,16.5,17
Burkina Faso,Sanitation,10.6,10.9,11.7,12.6,13.4,14.2,14.9,15.6,16.2,16.8,17.4,17.9,18.4,18.9,19.4,19.8,20.2,20.6,21,21.3,21.7
Bangladesh,Sanitation,23.7,25.2,26.7,28.1,29.6,31.2,32.8,34.3,35.9,37.5,39,40.6,42.1,43.7,45.2,46.7,48.2,49.7,51.2,52.7,54.2
Bulgaria,Sanitation,85.8,85.8,85.8,85.9,85.9,85.9,85.9,85.9,85.9,85.9,85.9,85.9,86,86,86,86,86,86,86,86,86
Bahrain,Sanitation,99.9,99.9,99.9,99.9,100,100,100,100,100,100,100,100,100,100,100,100,100,100,100,100,100
Belarus,Sanitation,91.6,91.6,91.5,91.5,92,92.6,93.1,93.7,94.3,94.8,95.4,96,96.6,97.2,97.8,97.8,97.8,97.8,97.9,97.9,97.9
Belize,Sanitation,82.4,82.8,83.1,83.4,83.7,84.1,84.4,84.7,85,85.3,85.6,85.9,86.3,86.6,86.9,87.2,87.5,87.9,88.2,88.2,88.2
Bermuda,Sanitation,100,100,100,100,100,100,99.9,99.9,99.9,99.9,99.9,99.9,99.9,99.9,99.9,99.9,99.9,99.9,99.9,99.9,99.9
Bolivia,Sanitation,34.9,36,37.1,38.2,39.4,40.5,41.6,43.2,44.8,46.4,48.1,49.8,51.5,53.2,54.9,56.7,58.5,60.2,62.1,63.9,65.8
Brazil,Sanitation,73.1,74,74.9,75.8,76.7,77.6,78.4,79.3,80.2,81,81.9,82.7,83.5,84.4,85.2,86,86.9,87.7,88.5,89.3,90.1
Barbados,Sanitation,88.9,89.4,89.9,90.4,90.9,91.4,91.9,92.4,92.9,93.4,93.9,94.4,94.9,95.4,95.9,96.4,96.9,97.3,97.3,98.1,98.1
Bhutan,Sanitation,47,47.4,49.2,51.1,52.9,54.7,56.3,57.9,59.5,61.1,62.6,64.1,65.6,67.1,68.5,69.9,71.3,72.6,73.9,75.2,76.5
Botswana,Sanitation,51.9,53.3,54.6,55.9,57.2,58.5,59.9,61.6,63.3,65.1,66.8,68.6,70.1,71.7,73.2,74.8,76,77.3,78.5,79.8,80
Central African Republic,Sanitation,20.6,20.5,20.5,20.5,20.4,20,19.5,19.1,18.7,18.3,17.9,17.5,17.1,16.7,16.3,16,15.6,15.2,14.8,14.5,14.1
Canada,Sanitation,99.9,99.9,99.9,99.9,99.9,99.8,99.8,99.7,99.6,99.6,99.5,99.5,99.4,99.4,99.3,99.3,99.2,99.1,99.1,99,99
Switzerland,Sanitation,99.9,99.9,99.9,99.9,99.9,99.9,99.9,99.9,99.9,99.9,99.9,99.9,99.9,99.9,99.9,99.9,99.9,99.9,99.9,99.9,99.9
Chile,Sanitation,92.2,92.8,93.3,93.8,94.3,94.8,95.2,95.7,96.2,96.6,97.1,97.6,98,98.5,98.9,99.4,99.7,100,100,100,100
China,Sanitation,57,57.7,59.8,61.9,64,66.1,68,70,71.9,73.8,75.7,77.5,79.3,81,82.7,84.4,86.1,87.7,89.3,90.9,92.4
Cote d'Ivoire,Sanitation,21,21.4,21.8,22.2,22.7,23.3,24,24.7,25.4,26.2,26.9,27.6,28.4,29.1,29.9,30.7,31.4,32.2,33.1,33.9,34.6
Cameroon,Sanitation,37.5,37.6,37.6,38,38.3,38.7,39.1,39.5,39.8,40.2,40.6,41,41.4,41.8,42.2,42.6,43,43.4,43.8,44.2,44.6
"Congo, Dem. Rep.",Sanitation,24.1,23.7,23.3,22.8,22.4,22.1,21.6,21.1,20.6,20.1,19.6,19.2,18.7,18.3,17.8,17.4,17,16.6,16.2,15.8,15.4
"Congo, Rep.",Sanitation,11.9,12,12.3,12.6,13.1,13.6,14,14.5,15,15.6,16.1,16.6,17.2,17.8,18.3,18.9,19.5,20.2,20.3,20.4,20.5
Colombia,Sanitation,74.8,75.8,76.7,77.7,78.6,79.6,80.5,81.5,82.4,83.4,84.3,85.3,86.2,87.2,88.1,89,90,90.9,91.8,92.8,93.7
Cape Verde,Sanitation,39.6,41.8,43.9,46.1,48.2,50.3,52.4,54.5,56.6,58.6,60.6,62.5,64.5,66.5,68.4,70.3,72.3,74.1,75.8,77.5,79.1
Costa Rica,Sanitation,93.7,94,94.2,94.4,94.6,94.9,95.1,95.3,95.5,95.7,96,96.2,96.4,96.6,96.8,97,97.2,97.4,97.6,97.8,97.9
Cuba,Sanitation,88.2,88.1,88,87.9,87.8,88.1,88.3,88.5,88.7,89,89.2,89.4,89.6,89.9,90.1,90.3,90.5,90.7,90.9,91.1,91.4
Cyprus,Sanitation,99.7,99.7,99.7,99.7,99.7,99.7,99.7,99.6,99.6,99.6,99.6,99.6,99.5,99.5,99.5,99.5,99.4,99.4,99.4,99.4,99.4
Czech Republic,Sanitation,99.1,99.1,99.1,99.1,99.1,99.1,99.1,99.1,99.1,99.1,99.1,99.1,99.1,99.1,99.1,99.1,99.1,99.1,99.1,99.1,99.1
Germany,Sanitation,99.2,99.2,99.2,99.2,99.2,99.2,99.2,99.2,99.2,99.2,99.2,99.2,99.2,99.2,99.2,99.2,99.2,99.2,99.2,99.2,99.2
Djibouti,Sanitation,47.1,47.1,47.1,47.1,47.1,48.4,49.7,51.1,52.3,53.6,54.9,56.2,57.5,58.8,60.1,61.4,62.7,64,65.3,66.6,66.7
Denmark,Sanitation,99.6,99.6,99.6,99.6,99.6,99.6,99.6,99.6,99.6,99.6,99.6,99.6,99.6,99.6,99.6,99.6,99.6,99.6,99.6,99.6,99.6
Dominican Republic,Sanitation,77.5,77.9,78.4,78.9,79.4,79.9,80.4,81,81.5,82,82.5,83,83.5,83.9,84.4,84.9,85.3,85.8,86.3,86.7,87.2
Algeria,Sanitation,84.5,84.8,85,85.3,85.6,85.8,86.1,86.3,86.5,86.8,87,87.2,87.1,87,86.9,86.7,86.6,86.5,86.3,86.1,86
Ecuador,Sanitation,69.4,70.5,71.4,72.4,73.3,74.5,75.7,76.9,78.1,79.3,80.5,81.7,82.9,84.1,85.3,86.4,87.6,88.7,89.7,90.6,91.5
Egypt,Sanitation,91.3,91.6,91.9,92.2,92.5,92.8,93.1,93.4,93.7,94,94.3,94.6,94.9,95.2,95.5,95.8,96.1,96.4,96.7,97,97.3
Spain,Sanitation,99.9,99.9,99.9,99.9,99.9,99.9,99.9,99.9,99.9,99.9,99.9,99.9,99.9,99.9,99.9,99.9,99.9,99.9,99.9,99.9,99.9
Estonia,Sanitation,99.7,99.7,99.7,99.7,99.6,99.6,99.5,99.5,99.4,99.4,99.3,99.3,99.2,99.2,99.1,99.1,99.1,99.1,99.1,99.1,99.1
Ethiopia,Sanitation,2.76,3.09,3.42,3.75,4.07,4.39,4.7,5,5.33,5.65,5.97,6.28,6.59,6.9,7.19,7.49,7.78,8.07,8.35,8.63,8.91
Finland,Sanitation,99.4,99.4,99.4,99.4,99.4,99.4,99.4,99.4,99.4,99.4,99.4,99.4,99.4,99.4,99.4,99.4,99.4,99.4,99.4,99.4,99.4
Fiji,Sanitation,79.6,79.7,79.8,80.8,81.8,82.8,84.2,85.5,86.8,88.2,89.5,90.8,92.1,93.4,94.7,96,97.3,98.4,98.8,99.2,99.2
France,Sanitation,98.7,98.7,98.7,98.7,98.7,98.7,98.7,98.7,98.7,98.7,98.7,98.7,98.7,98.7,98.7,98.7,98.7,98.7,98.6,98.6,98.6
Gabon,Sanitation,34,34.9,35.9,36.9,37.9,38.9,39.9,40.9,41.9,43,44,45.1,46.2,47.2,48.3,48.6,48.9,49.2,49.5,49.8,49.8
United Kingdom,Sanitation,99.1,99.1,99.1,99.1,99.1,99.1,99.1,99.1,99.1,99.1,99.1,99.1,99.1,99.1,99.1,99.1,99.1,99.1,99.1,99.1,99.1
Georgia,Sanitation,90.6,90.2,89.7,89.4,89.1,88.9,88.6,88.4,88.1,87.9,87.7,87.4,87.2,87,86.8,86.6,86.4,86.3,86.1,85.9,85.8
Ghana,Sanitation,7.41,7.52,8.27,9.02,9.8,10.6,11.4,12.2,13,13.8,14.7,15.5,16.4,17.3,18.2,19.1,20,20.9,21.8,22.8,23.7
Gibraltar,Sanitation,100,100,100,100,100,100,100,100,100,100,100,100,100,100,100,100,100,100,100,100,100
Guinea,Sanitation,8.78,9.54,10.3,11.1,12,13,13.9,14.9,15.9,17,18,19.1,20.2,21.3,22.4,23.6,24.8,26,27.2,28.5,29.8
Gambia,Sanitation,51.1,49.9,48.6,47.5,46.5,46.3,46.2,46.2,46.1,46.1,46.1,46.1,46.1,46.2,46.2,46.3,46.4,46.5,46.6,46.7,46.9
Guinea-Bissau,Sanitation,5.2,5.73,6.27,6.81,7.36,7.95,8.55,9.16,9.79,10.4,11.1,11.7,12.4,13.1,13.8,14.5,15.2,15.9,16.7,17.5,18.2
Greece,Sanitation,97.5,97.6,97.7,97.8,98,98.1,98.2,98.3,98.4,98.5,98.6,98.7,98.8,98.9,98.9,99,99,99,99,99,99
Greenland,Sanitation,99.6,99.6,99.6,99.6,99.6,99.6,99.6,99.6,99.6,99.6,99.6,99.6,99.6,99.6,99.6,99.6,99.6,99.6,99.6,99.6,99.6
Guatemala,Sanitation,61.8,62.2,62.6,62.9,63.3,63.7,64,64.3,64.6,65,65.3,65.6,65.8,66.1,66.4,66.7,66.9,67.2,67.4,67.7,67.9
Guyana,Sanitation,78.8,79.3,79.9,80.4,80.8,81.2,81.6,82,82.5,82.9,83.3,83.7,84.1,84.5,84.9,85.3,85.8,85.8,85.8,85.8,85.8
"Hong Kong, China",Sanitation,96.7,96.7,96.7,96.7,96.7,96.7,96.7,96.7,96.7,96.6,96.6,96.6,96.6,96.6,96.6,96.6,96.6,96.5,96.5,96.5,96.5
Honduras,Sanitation,63,64.1,65.3,66.4,67.6,68.7,69.8,70.8,71.9,73,74,75,76,77,78,79,80,80.9,81.9,82.8,83.8
Croatia,Sanitation,96.2,96.2,96.2,96.2,96.2,96.3,96.3,96.3,96.3,96.3,96.4,96.4,96.4,96.4,96.5,96.5,96.5,96.5,96.5,96.6,96.6
Haiti,Sanitation,16.7,17.8,18.9,20,21.1,22,23.1,24.1,25.1,26.1,27.2,28.2,29.3,30.3,31.4,32.5,33.6,34.7,35.8,36.9,37.1
Hungary,Sanitation,98,98,98,98,98,98,98,98,98,98,98,98,98,98,98,98,98,98,98,98,98
Indonesia,Sanitation,38,40.2,42.4,44.7,47,49.3,51.6,54,56.4,58.8,61.2,63.7,66.1,68.6,71.1,73.6,76.1,78.7,81.3,83.9,86.5
India,Sanitation,15,17.6,20.3,23,25.7,28.5,31.2,34,36.8,39.6,42.4,45.2,48.1,50.9,53.8,56.7,59.6,62.5,65.4,68.3,71.3
Ireland,Sanitation,89.5,89.6,89.7,89.8,89.9,90,90.1,90.2,90.3,90.5,90.6,90.7,90.8,90.9,91,91.1,91.2,91.3,91.4,91.3,91.3
Iran,Sanitation,78,78.8,79.5,80.3,81.1,81.8,82.5,83.2,83.9,84.6,85.3,85.9,86.6,87.2,87.8,88.4,89,89.5,89.9,90.2,90.3
Iraq,Sanitation,69.9,70.6,71.3,71.9,72.6,74.4,76.2,78,79.8,81.6,83.4,85.3,87.2,89.1,91,92.9,94.9,96.8,98.5,99.5,100
Iceland,Sanitation,98.8,98.8,98.8,98.8,98.8,98.8,98.8,98.8,98.8,98.8,98.8,98.8,98.8,98.8,98.8,98.8,98.8,98.8,98.8,98.8,98.8
Israel,Sanitation,100,100,100,100,100,100,100,100,100,100,100,100,100,100,100,100,100,100,100,100,99.9
Italy,Sanitation,99.9,99.9,99.9,99.9,99.9,99.9,99.9,99.9,99.9,99.9,99.9,99.9,99.9,99.9,99.9,99.9,99.9,99.9,99.9,99.9,99.9
Jamaica,Sanitation,82.7,82.8,82.9,83,83.3,83.5,83.8,84,84.2,84.5,84.7,84.9,85.2,85.4,85.6,85.8,86.1,86.3,86.5,86.6,86.6
Jordan,Sanitation,98.7,98.6,98.5,98.4,98.3,98.2,98.1,98.1,98,97.9,97.8,97.8,97.7,97.6,97.6,97.5,97.4,97.3,97.2,97.2,97.1
Japan,Sanitation,100,100,100,100,100,100,100,100,100,100,100,100,100,100,99.9,99.9,99.9,99.9,99.9,99.9,99.9
Kazakhstan,Sanitation,96.8,96.8,96.9,96.9,97,97.1,97.1,97.2,97.3,97.3,97.4,97.5,97.5,97.6,97.7,97.7,97.8,97.9,97.9,97.9,97.9
Kenya,Sanitation,30.6,30.8,30.9,31.1,31.2,31.3,31.4,31.5,31.6,31.7,31.8,31.9,32,32.1,32.2,32.3,32.4,32.5,32.5,32.6,32.7
Kyrgyz Republic,Sanitation,92.3,92.3,92.6,92.8,93.1,93.5,93.8,94.2,94.6,94.9,95.3,95.7,96,96.4,96.8,97.1,97.4,97.5,97.7,97.8,97.9
Cambodia,Sanitation,9.84,12.3,15,17.8,20.5,23.3,26.1,29,31.9,34.8,37.8,40.9,43.9,47,50,53.1,56.2,59.3,62.5,65.6,68.8
Kiribati,Sanitation,32.2,33.2,34,34.9,35.7,36.6,37.5,38.6,39.3,39.9,40.6,41.2,41.8,42.4,42.9,43.4,43.9,44.4,44.8,45.2,45.6
South Korea,Sanitation,100,100,100,100,100,100,100,100,100,100,100,100,100,100,100,100,100,100,99.9,99.9,99.9
Kuwait,Sanitation,100,100,100,100,100,100,100,100,100,100,100,100,100,100,100,100,100,100,100,100,100
Lao,Sanitation,28.2,31.2,34.2,37.2,40.2,43.1,45.8,48.5,51.2,53.8,56.5,59.1,61.8,64.4,67,69.6,72.1,74.7,77.2,79.3,79.5
Lebanon,Sanitation,76.9,76.9,76.9,78.2,79.5,80.9,82.2,83.5,84.8,86.1,87.4,88.7,90,91.3,92.6,93.9,95.3,96.6,97.9,99.1,99.2
Liberia,Sanitation,13.2,13.5,13.9,14.3,14.6,15,15.2,15.4,15.7,15.9,16.1,16.3,16.5,16.7,16.9,17.1,17.3,17.5,17.7,18.1,18.2
Libya,Sanitation,90.3,90.4,90.5,90.6,90.8,90.9,91,91.1,91.2,91.3,91.5,91.6,91.7,91.8,91.9,92,92.1,92.1,92.1,92.1,92.1
St. Lucia,Sanitation,85,85,85,85,84.8,84.6,84.4,84.3,84.1,83.9,83.7,83.5,83.2,83,82.7,82.9,83.1,83.3,83.4,83.4,83.4
Liechtenstein,Sanitation,100,100,100,100,100,100,100,100,100,100,100,100,100,100,100,100,100,100,100,100,100
Sri Lanka,Sanitation,76.7,77.6,78.5,79.4,80.3,81.3,82.2,83.1,84.1,85,85.9,86.9,87.8,88.8,89.8,90.7,91.7,92.7,93.7,93.7,93.7
Lesotho,Sanitation,8.05,10.4,12.8,15.1,17.3,19.6,21.8,24,26.2,28.3,30.4,32.5,34.6,36.6,38.6,40.6,42.6,44.6,46.5,48.4,50.3
Lithuania,Sanitation,84.3,84.8,85.3,85.8,86.3,86.9,87.4,88,88.5,89,89.6,90.1,90.6,91.2,91.7,92.3,92.8,93.4,93.9,93.9,93.9
Luxembourg,Sanitation,97.7,97.7,97.7,97.7,97.7,97.7,97.7,97.7,97.7,97.6,97.6,97.6,97.6,97.6,97.6,97.6,97.6,97.6,97.6,97.6,97.6
Latvia,Sanitation,87.5,87.5,87.9,88.3,88.5,88.8,89.1,89.3,89.6,89.8,90.1,90.3,90.6,90.8,91.1,91.5,92,92.4,92.4,92.4,92.4
"Macao, China",Sanitation,100,100,100,100,100,100,100,100,100,100,100,100,100,100,100,100,100,100,100,100,100
St. Martin (French part),Sanitation,99.1,99.1,99.1,99.1,99.1,99.1,99.2,99.3,99.3,99.4,99.5,99.5,99.6,99.7,99.7,99.8,99.9,99.9,100,100,100
Morocco,Sanitation,67.8,68.5,69.7,70.9,72.2,73.2,74.1,75.1,76,77,77.9,78.9,79.8,80.7,81.7,82.6,83.5,84.5,85.4,86.3,87.3
Monaco,Sanitation,100,100,100,100,100,100,100,100,100,100,100,100,100,100,100,100,100,100,100,100,100
Moldova,Sanitation,73.9,74.4,74.9,75.4,75.3,75.3,75.4,75.4,75.5,75.5,75.5,75.5,75.5,75.5,75.5,76,76.5,77.1,77.6,78.2,78.7
Madagascar,Sanitation,4.19,4.61,5.04,5.44,5.83,6.25,6.67,7.08,7.5,7.91,8.32,8.73,9.13,9.54,9.94,10.3,10.7,11.1,11.5,11.9,12.3
Maldives,Sanitation,74.9,76.3,77.7,79,80.4,81.7,82.9,84.1,85.3,86.6,87.8,89.1,90.3,91.6,92.8,94,95.1,96.1,97.2,98.3,99.2
Mexico,Sanitation,77.1,78,78.8,79.6,80.5,81.3,82.1,82.9,83.7,84.4,85.2,86,86.7,87.5,88.2,88.9,89.6,90.3,91,91.7,92.4
North Macedonia,Sanitation,88.6,88.5,88.5,88.5,88.5,89.1,89.7,90.3,90.9,91.5,92.1,92.8,93.4,94,94.7,95.3,96,96.6,97.2,97.8,98.3
Mali,Sanitation,15.7,17,18.2,19.5,20.8,22.2,23.6,25,26.4,27.9,29.4,30.9,32.4,34,35.5,37.1,38.8,40.4,42,43.7,45.4
Malta,Sanitation,100,100,100,100,100,100,100,100,100,100,100,100,100,100,100,100,100,100,100,100,100
Myanmar,Sanitation,63.5,64,64.6,65.1,65.7,66.2,66.8,67.3,67.8,68.3,68.8,69.3,69.8,70.3,70.8,71.3,71.7,72.2,72.7,73.2,73.6
Mongolia,Sanitation,45,45.7,46.3,47,48.3,49.7,51.1,52.4,53.8,55.1,56.5,57.7,58.7,59.8,60.9,62,63.2,64.3,65.4,66.6,67.7
Northern Mariana Islands,Sanitation,75.3,75.5,75.7,75.9,76.2,76.4,76.6,76.8,77,77.2,77.4,77.6,77.8,78.1,78.3,78.5,78.7,78.9,79.1,79.1,79.1
Mozambique,Sanitation,9.14,10.3,11.5,12.7,13.9,15.1,16.4,17.7,19,20.4,21.9,23.3,24.8,26.3,27.8,29.3,30.8,32.4,34,35.6,37.2
Mauritania,Sanitation,17.4,18.5,19.6,20.8,22,23.2,24.9,26.7,28.5,30.5,32.4,34.5,36.6,38.9,41.1,43.5,45.9,48.4,48.9,49.4,49.8
Malawi,Sanitation,21.2,21.4,21.7,22,22.2,22.5,22.8,23,23.3,23.5,23.8,24.1,24.4,24.6,24.9,25.2,25.4,25.7,26,26.3,26.6
Namibia,Sanitation,28.1,28.3,28.8,29.2,29.7,30.1,30.6,31,31.4,31.8,32.2,32.5,32.9,33.2,33.5,33.9,34.2,34.4,34.7,35,35.3
New Caledonia,Sanitation,100,100,100,100,100,100,100,100,100,100,100,100,100,100,100,100,100,100,100,100,100
Niger,Sanitation,5.3,5.84,6.35,6.87,7.39,7.9,8.4,8.89,9.38,9.85,10.3,10.8,11.2,11.7,12.1,12.6,13,13.4,13.9,14.3,14.8
Nigeria,Sanitation,28.6,28.7,29.3,29.9,30.5,31.1,31.7,32.4,33.1,33.8,34.5,35.2,36,36.7,37.5,38.3,39.2,40,40.9,41.8,42.7
Nicaragua,Sanitation,57.1,58.1,59,60,61,62,63,64,65,66,66.9,67.9,68.9,69.9,70.9,71.9,72.8,72.9,72.9,73,73
Netherlands,Sanitation,98.1,98,98,98,97.9,97.9,97.9,97.9,97.8,97.8,97.8,97.8,97.8,97.8,97.7,97.7,97.7,97.7,97.7,97.7,97.7
Norway,Sanitation,98.1,98.1,98.1,98.1,98.1,98.1,98.1,98.1,98.1,98.1,98.1,98.1,98.1,98.1,98.1,98.1,98.1,98.1,98.1,98.1,98.1
Nepal,Sanitation,14,16.5,19.1,21.7,24.4,27.2,30,32.9,35.9,38.9,42,45.2,48.5,51.8,55.1,58.6,62,65.6,69.2,72.9,76.6
New Zealand,Sanitation,100,100,100,100,100,100,100,100,100,100,100,100,100,100,100,100,100,100,100,100,100
Oman,Sanitation,89.2,89.2,89.9,90.7,91.5,92.3,93.1,93.9,94.7,95.5,96.2,97,97.8,98.5,99,99.3,99.3,99.3,99.3,99.3,99.3
Pakistan,Sanitation,29.6,31.7,33.7,35.7,37.8,39.8,41.8,43.8,45.8,47.7,49.7,51.6,53.5,55.4,57.3,59.2,61.1,62.9,64.8,66.6,68.4
Panama,Sanitation,62.4,63.1,64.2,65.3,66.3,67.4,68.5,69.6,70.7,71.8,73,74.1,75.2,76.4,77.5,78.7,79.8,81,82.2,83.4,84.6
Peru,Sanitation,63.3,64.1,65,65.9,66.7,67.6,68.4,69.2,70,70.7,71.5,72.2,72.9,73.7,74.4,75.1,75.8,76.5,77.2,77.9,78.6
Philippines,Sanitation,61.1,61.5,61.9,62.3,62.7,63.1,63.5,64.7,66,67.2,68.5,69.9,71.2,72.6,73.9,75.3,76.7,78,79.4,80.8,82.3
Palau,Sanitation,91.5,91.9,92.3,92.8,93.4,93.9,94.5,95,95.5,96,96.5,97,97.5,97.9,98.4,98.8,99.2,99.6,99.6,99.6,99.6
Papua New Guinea,Sanitation,18.1,18.1,18.1,18.1,18.1,18.2,18.3,18.4,18.5,18.6,18.6,18.7,18.7,18.8,18.8,18.9,18.9,19,19.1,19.1,19.2
Poland,Sanitation,88.5,89.2,89.9,90.6,91.2,91.9,92.6,93.2,93.9,94.6,95.3,96,96.7,97.3,98,98.7,99.4,99.8,100,100,100
Puerto Rico,Sanitation,97.6,97.8,98,98.2,98.3,98.5,98.7,98.9,99.1,99.2,99.4,99.6,99.8,100,100,100,100,100,100,100,100
Portugal,Sanitation,97.3,97.5,97.6,97.8,97.9,98.1,98.2,98.4,98.5,98.7,98.8,98.9,99.1,99.2,99.3,99.4,99.6,99.6,99.6,99.6,99.6
Paraguay,Sanitation,70.4,71.7,73,74.2,75.3,76.5,77.7,78.8,79.9,81.1,82.2,83.3,84.4,85.5,86.5,87.6,88.6,89.7,90.7,91.8,92.7
Palestine,Sanitation,90.4,90.4,90.5,90.5,91,91.5,91.9,92.4,92.9,93.4,93.8,94.3,94.8,95.3,95.7,96.2,96.7,97.2,97.6,98.1,98.6
French Polynesia,Sanitation,98.1,98,98,97.9,97.9,97.8,97.8,97.7,97.6,97.6,97.5,97.5,97.4,97.4,97.3,97.2,97.2,97.1,97.1,97,97
Qatar,Sanitation,100,100,100,100,100,100,100,100,100,100,100,100,100,100,100,100,100,100,100,100,100
Russia,Sanitation,84.4,84.6,84.8,85.1,85.3,85.6,85.8,86.1,86.3,86.6,86.8,87.1,87.3,87.6,87.8,88.1,88.3,88.6,88.9,89.1,89.4
Rwanda,Sanitation,45.4,46.9,48.4,49.6,50.9,52.1,53.4,54.6,55.8,57,58.3,59.5,60.7,61.9,63.1,64.2,65.4,66.6,67.7,68.9,68.8
Saudi Arabia,Sanitation,98.4,98.4,98.4,98.5,98.6,98.7,98.8,98.9,99,99.1,99.2,99.3,99.5,99.6,99.7,99.8,99.9,100,100,100,100
Sudan,Sanitation,20.6,20.6,20.6,20.6,20.7,21.9,23,24.3,25.6,26.9,28.2,29.6,30.9,32.3,33.7,35.1,36.5,36.6,36.7,36.8,36.9
Senegal,Sanitation,37.5,38.4,39.3,40.3,41.3,42.3,43.3,44.3,45.3,46.3,47.2,48.2,49.2,50.1,51.1,52.1,53,54,54.9,55.8,56.8
Singapore,Sanitation,100,100,100,100,100,100,100,100,100,100,100,100,100,100,100,100,100,100,100,100,100
Solomon Islands,Sanitation,20.4,20.6,20.8,21,21.2,22.1,23.1,24,24.9,25.9,26.9,27.8,28.8,29.8,30.8,31.8,32.8,33.5,34.2,34.5,34.8
Sierra Leone,Sanitation,10.2,10.5,10.8,11.1,11.4,11.7,12,12.4,12.7,13,13.3,13.6,13.9,14.3,14.6,14.9,15.2,15.5,15.9,16.2,16.5
El Salvador,Sanitation,83.4,83.5,83.6,83.6,83.6,83.5,83.5,83.5,83.5,83.4,83.4,83.4,83.3,83.2,83.2,83.1,83,82.9,82.8,82.7,82.4
San Marino,Sanitation,100,100,100,100,100,100,100,100,100,100,100,100,100,100,100,100,100,100,100,100,100
Somalia,Sanitation,20.2,20.8,21.4,22.1,22.9,23.9,24.9,24.6,25.9,27.3,28.6,30,31,32,33,34,35.1,36.1,37.2,38.2,39.3
Serbia,Sanitation,95.4,95.4,95.4,95.4,95.4,95.6,95.8,96,96.2,96.3,96.5,96.7,96.9,97.1,97.3,97.4,97.6,97.8,97.9,97.9,97.9
Sao Tome and Principe,Sanitation,20.3,21.5,22.8,24,25.2,26.6,28,29.4,30.7,32.1,33.5,34.9,36.3,37.8,39.2,40.6,42,43.4,44.8,46.2,47.6
Suriname,Sanitation,78,78.3,78.7,79,79.3,79.9,80.6,81.2,81.9,82.5,83.2,83.8,84.5,85.1,85.8,86.5,87.2,87.9,88.5,89.2,90
Slovak Republic,Sanitation,99.8,99.8,99.8,99.7,99.5,99.3,99.1,98.9,98.7,98.5,98.3,98.1,97.9,97.7,97.5,97.5,97.5,97.5,97.5,97.5,97.5
Slovenia,Sanitation,97.9,97.9,97.9,97.9,97.9,98,98,98,98,98,98,98,98,98,98,98.1,98.1,98.1,98.1,98.1,98.1
Sweden,Sanitation,98.9,98.9,99,99,99,99,99.1,99.1,99.1,99.1,99.2,99.2,99.2,99.2,99.2,99.3,99.3,99.3,99.3,99.3,99.3
Eswatini,Sanitation,48.4,49,49.7,50.4,51.2,52,52.8,53.6,54.5,55.4,56.2,57.1,58,58.9,59.8,60.7,61.6,62.5,63.4,64.3,64.3
Seychelles,Sanitation,94.1,94.6,95,95.4,95.8,96.3,96.7,97.1,97.5,98,98.4,98.8,99.2,99.6,100,100,100,100,100,100,100
Syria,Sanitation,90.4,90.6,90.8,91,91.1,91.1,91,91,90.9,90.8,90.7,90.6,90.4,90.3,90.2,90.1,90.1,90,89.9,89.8,89.7
Chad,Sanitation,9.86,9.9,9.94,9.98,10,10.1,10.1,10.1,10.2,10.3,10.4,10.5,10.6,10.7,10.9,11,11.2,11.4,11.6,11.8,12.1
Togo,Sanitation,9.56,9.84,10.1,10.4,10.7,11.1,11.6,12.1,12.5,13,13.5,14,14.5,15.1,15.6,16.2,16.7,17.3,17.9,18.5,18.6
Thailand,Sanitation,92.4,92.7,93,93.3,93.5,93.8,94.1,94.4,94.8,95.1,95.4,95.7,96.1,96.4,96.8,97.1,97.5,97.8,98.1,98.4,98.7
Tajikistan,Sanitation,89.9,90.2,90.5,90.9,91.2,91.6,92,92.3,92.7,93.1,93.5,93.8,94.2,94.6,94.9,95.3,95.7,96.1,96.4,96.8,96.8
Turkmenistan,Sanitation,93,93,93.1,93.1,93.2,93.6,93.9,94.3,94.7,95.1,95.5,95.8,96.2,96.6,97,97.4,97.8,98.2,98.6,99,99.4
Tonga,Sanitation,89,89,89,89,89,89.6,90.3,90.9,91.5,92.1,92.7,93.3,93.5,93.4,93.4,93.3,93.3,93.2,93.1,93,92.9
Trinidad and Tobago,Sanitation,90,90.3,90.5,90.8,91.1,91.3,91.6,91.8,92.1,92.3,92.6,92.8,93.1,93.3,93.5,93.6,93.7,93.8,93.9,93.9,93.9
Tunisia,Sanitation,76.5,77.2,78.3,79.4,80.5,81.5,82.6,83.6,84.7,85.8,86.8,87.9,88.9,90,91.1,92.1,93.2,94.3,95.3,96.4,97.4
Turkey,Sanitation,86.5,86.7,87.5,88.3,89,89.8,90.5,91.2,91.9,92.6,93.3,93.9,94.6,95.2,95.8,96.4,97,97.6,98.1,98.7,99.2
Tanzania,Sanitation,5.22,6.53,7.84,9.17,10.5,11.8,13.2,14.6,15.9,17.3,18.7,20.1,21.5,22.9,24.3,25.7,27.2,28.6,30.1,31.6,31.8
Uganda,Sanitation,16.7,16.8,17,17.2,17.4,17.5,17.7,17.9,18,18.2,18.4,18.5,18.7,18.8,19,19.1,19.3,19.4,19.5,19.7,19.8
Ukraine,Sanitation,94.2,94.3,94.5,94.7,94.9,95.2,95.4,95.6,95.9,96.1,96.3,96.6,96.8,97,97.2,97.4,97.6,97.7,97.7,97.7,97.7
Uruguay,Sanitation,93.4,93.4,93.4,93.4,93.5,93.6,93.9,94.2,94.5,94.8,95.1,95.4,95.7,96,96.3,96.6,96.9,97.2,97.5,97.8,98.1
United States,Sanitation,99.9,99.9,99.9,99.9,99.9,99.9,99.9,99.9,99.9,99.9,99.9,99.8,99.8,99.8,99.8,99.8,99.7,99.7,99.7,99.7,99.7
Uzbekistan,Sanitation,92.7,93.3,93.9,94.5,95.1,95.7,96.3,96.8,97.4,98,98.5,99.1,99.6,100,100,100,100,100,100,100,100
Virgin Islands (U.S.),Sanitation,98.9,99,99,99,99,99.1,99.1,99.1,99.2,99.2,99.2,99.2,99.3,99.3,99.3,99.3,99.4,99.4,99.4,99.4,99.4
Vietnam,Sanitation,51.9,53.9,55.8,57.8,59.7,61.6,63.6,65.6,67.5,69.4,71.3,73.3,75.2,77,78.9,80.8,82.6,84.3,86,87.7,89.2
Vanuatu,Sanitation,55.8,55.8,55.8,55.9,55.9,55.7,55.5,55.3,55.1,54.8,54.6,54.4,54.1,53.9,53.6,53.4,53.1,52.9,52.7,52.7,52.7
Samoa,Sanitation,94.5,94.5,94.5,94.5,94.5,94.7,94.8,95,95.1,95.3,95.5,95.6,95.8,95.9,96.1,96.3,96.4,96.6,96.8,96.8,96.8
Yemen,Sanitation,45.2,45.5,45.9,46.5,47.2,47.6,48.1,48.5,48.9,49.4,49.8,50.1,50.5,50.9,51.2,51.6,52.1,52.6,53.1,53.6,54.1
South Africa,Sanitation,58.8,59.8,60.9,61.9,63,64,65,66.1,67.1,68.1,69.1,70.1,71,72,73,73.9,74.8,75.8,76.7,77.6,78.5
Zambia,Sanitation,22.1,22.6,23.1,23.7,24.2,24.7,25.3,25.8,26.3,26.8,27.3,27.8,28.3,28.8,29.2,29.7,30.2,30.6,31.1,31.5,31.9
Zimbabwe,Sanitation,44.5,44.6,44.8,44.9,44.9,44.3,43.6,43,42.4,41.8,41.2,40.5,39.9,39.3,38.7,38.1,37.5,36.9,36.4,35.8,35.2
Afghanistan,Life,54.7,54.8,55.5,56.5,57.1,57.6,58,58.5,59.2,59.9,60.5,61,61.4,61.9,61.9,61.9,62,62.9,62.7,63.3,63.4
Angola,Life,52.8,53.4,54.5,55.1,55.5,56.4,57,58,58.8,59.5,60.2,60.8,61.4,62.1,63,63.5,63.9,64.2,64.6,65.1,65.2
Albania,Life,75.4,76,75.9,75.6,75.8,76.2,76.9,77.5,77.6,78,78.1,78.1,78.2,78.3,78.2,78.1,78.2,78.3,78.4,78.5,77.9
United Arab Emirates,Life,69.1,69.2,69.4,69.3,69.1,69.2,69.5,70,70.4,70.6,70.8,71,71.2,71.6,73,73.2,73.4,73.5,73.7,73.9,74
Argentina,Life,74.2,74.3,74.3,74.4,74.9,75.3,75.4,75.3,75.7,75.8,75.9,76,76.2,76.3,76.5,76.5,76.2,76.3,76.5,76.6,74.6
Armenia,Life,72.4,72.5,72.7,72.8,73,73,73.1,73.5,73.5,73.6,73.9,74.2,74.6,75.1,75.2,75.1,75.3,75.5,75.6,75.7,74
Antigua and Barbuda,Life,74.8,75.1,75.4,75.6,75.7,75.9,75.9,75.1,75.2,75.8,75.9,76,76,76.1,76,76,76,76.1,76.2,76.3,76.3
Australia,Life,79.7,80.1,80.3,80.6,80.9,81.2,81.5,81.5,81.7,81.9,82.1,82.3,82.6,82.7,82.7,82.7,83,83,82.9,82.9,82.9
Austria,Life,78.5,78.9,79,79.1,79.5,79.8,80.1,80.3,80.5,80.5,80.8,81,81.2,81.3,81.5,81.6,81.8,82,82.1,82.2,81.5
Azerbaijan,Life,66.5,67.1,67.2,67.1,67.2,67.3,67.7,68.2,68.5,68.8,69,69.2,69.5,69.7,69.9,70.2,70.3,70.4,70.8,71,70.4
Burundi,Life,44.7,45.8,46.9,47.9,49.2,50.3,54.5,55.7,56.8,57.7,58.5,59.4,60.2,60.8,61.4,61.8,62.4,63,63.4,63.8,64
Belgium,Life,78,78.3,78.5,78.7,79.1,79.3,79.6,79.8,79.9,80,80.2,80.4,80.5,80.7,81,81.1,81.3,81.4,81.4,81.4,80.2
Benin,Life,57.4,57.6,57.9,58.1,58.5,58.8,59.1,59.5,60.1,60.7,61.1,61.4,61.7,62,62.3,62.6,63,63.4,64,64.5,64.6
Burkina Faso,Life,52.5,52.9,53.4,54,54.6,55.3,56,56.5,57.1,57.6,57.9,58.3,58.6,58.9,59.4,59.9,60.3,60.8,61.3,61.7,61.8
Bangladesh,Life,65.5,66,66.3,66.7,67.1,67.4,67.8,68.2,69,69.6,70,71.1,72.3,72.8,73,73.6,73.9,73.9,74.2,74.5,74.7
Bulgaria,Life,70.2,70.4,70.7,70.9,71,71.1,71.2,71.5,71.9,72.1,72.3,72.7,73,73.3,73,73.2,73.3,73.3,73.3,73.3,71.8
Bahrain,Life,71.7,73.4,72.7,72.2,72.3,72.7,73,73.6,74,74.5,75,75.3,75.7,76.2,76.6,76.8,76.8,76.8,77,77,76.3
Bahamas,Life,71.3,71.3,71.9,72.4,72.4,73.2,73,73.6,73.5,73.2,73.2,73.2,73.3,73.5,73.6,73.3,73.7,73.8,73.8,73.4,72.3
Bosnia and Herzegovina,Life,75.5,75.3,75.1,75.3,75.5,75.3,75.6,75.3,75.9,76.1,76.3,76.4,76.7,76.6,76.7,76.5,76.7,76.8,76.9,77,75.4
Belarus,Life,69,68.6,68,68.6,69,68.8,69.5,70.4,70.5,70.6,70.6,70.5,72.3,72.8,73.1,73.7,73.8,73.8,74,74,73.5
Belize,Life,70,70.6,71.4,71.8,72,72.4,72.6,73.1,73.6,73.7,73.6,73.8,74.3,74.3,74.3,74.2,74.4,74.5,74.4,74.5,72.1
Bolivia,Life,66.5,67.2,67.6,68.1,68.6,69,69.3,69.6,69.8,70.1,70.3,70.5,70.7,70.9,71.1,71.3,71.5,71.7,71.8,72,69.8
Brazil,Life,71.2,71.5,71.8,72,72.3,72.8,73.1,73.3,73.5,73.7,73.8,74,74.3,74.5,74.8,75,75,75.4,75.7,75.8,73.6
Barbados,Life,74.7,75.2,75.1,74.9,74.9,75.2,75.4,75.5,75.8,76.1,76.2,76.2,76.5,76.5,76.5,76.5,76.5,76.5,76.5,76.2,76.2
Brunei,Life,72.5,72.8,72.9,72.9,72.9,73,73.2,73.5,73.8,73.8,73.8,73.9,74,73.9,74,74,74.1,74.1,74.2,74.4,74.4
Bhutan,Life,65.7,67.1,67.7,68.2,68.6,69,69.5,69.9,70.3,70.5,71,71.3,71.6,71.8,72.1,72.3,72.5,72.7,73,73.2,73.3
Botswana,Life,45.5,45,44.9,45.7,47.5,49.9,51.4,53.4,54.7,56.1,57,57.8,58.6,59.4,60.1,60.6,61.2,61.5,61.8,62.3,61.6
Central African Republic,Life,43.8,43.9,44.2,44.5,44.8,45.2,45.6,46.1,46.8,47.4,47.8,48.3,48.8,47.5,47.5,49.7,50.3,50.4,51.5,52.4,52.4
Canada,Life,79.4,79.6,79.8,80,80.2,80.4,80.7,80.9,81.1,81.4,81.6,81.9,82,82.1,82.2,82.3,82.3,82.4,82.2,82.2,81.5
Switzerland,Life,80.3,80.6,80.9,81.1,81.4,81.7,81.9,82.2,82.4,82.5,82.8,83,83.1,83.3,83.5,83.6,83.8,83.9,83.9,84,83.2
Chile,Life,76.9,77,77.4,77.4,77.6,77.9,78.2,78.4,78.7,78.6,78.6,79,79.2,79.3,79.5,79.6,80,80,80.1,80.2,79.1
China,Life,71.3,71.7,72,72.3,72.5,73,73.7,74.2,74.3,74.7,74.9,75.3,75.7,76.1,76.4,76.8,77,77.2,77.4,77.6,77.7
Cote d'Ivoire,Life,51.1,51.5,51.7,52.1,52.6,53.5,54.4,55.3,56.3,57,57.4,57.8,58.8,59.4,60.2,61.1,62,62.8,63.6,64.3,64.4
Cameroon,Life,54.5,54.3,54.2,54.3,54.6,55,55.4,55.9,56.6,57.2,57.7,58.2,58.8,59.1,59.5,60,60.9,61.9,62.6,63.4,63.5
"Congo, Dem. Rep.",Life,53.9,54.2,54.4,54.8,55.5,56.1,56.7,57.1,57.5,58,58.8,59.4,60.1,60.9,61.8,62.6,63.3,63.9,64.7,65,65.2
"Congo, Rep.",Life,53,54,54.7,55.3,56.1,57,57.8,58.5,59.4,60.3,60.9,61.6,61.9,62.4,62.9,63.5,64.2,64.7,65,65.4,65.4
Colombia,Life,74.2,74.4,73.4,75.2,75.6,76.5,76.7,77.3,77.6,77.5,77.9,78.7,79,79.3,79.7,79.7,79.8,80,80.1,80.2,77.8
Comoros,Life,61.4,62.2,62.5,63.3,63.8,64.1,64.4,64.5,65.3,64.8,65.9,65.7,66.3,66.7,67.2,67.5,67.9,68.2,68.5,68.7,68.8
Cape Verde,Life,70.3,70.6,70.8,71.2,71.5,71.8,72.9,73.2,73.9,74.1,74.4,74.5,74.6,74.8,75,74.9,74.8,74.8,73.5,73.7,73.1
Costa Rica,Life,77.9,77.9,78.4,78.5,78.6,79.4,79.1,80.3,80.3,80.6,79.5,80.2,80.3,80.4,80.5,80.2,79.8,79.8,80,80.1,78.9
Cuba,Life,77,77.2,77.9,77.8,77.8,77.7,78.4,78.5,78.4,78.5,78.5,79.1,78.8,78.8,78.7,78.4,78.5,78.3,78.3,78.7,78.7
Cyprus,Life,76.7,77.1,77.3,77.7,77.9,77.9,78.2,78.3,78.8,79.1,79.5,79.8,80.1,80.3,80.4,80.5,80.7,80.8,80.8,80.8,80.8
Czech Republic,Life,75.2,75.5,75.7,75.6,76.1,76.4,77,77.2,77.3,77.6,77.8,78,78.3,78.5,79,79,79.2,79.3,79.3,79.5,78.5
Germany,Life,78.4,78.7,78.8,78.9,79.3,79.6,79.9,80,80.2,80.3,80.5,80.7,80.8,80.8,81,80.9,81,81.1,81.2,81.2,81
Djibouti,Life,60.4,60.5,60.6,60.9,61,61.4,61.4,62.1,62.5,62.9,63.2,63.6,64.1,64.5,64.9,65.3,65.8,66.2,66.7,66.8,66.8
Denmark,Life,77.2,77.3,77.4,77.7,78,78.3,78.5,78.7,79,79.2,79.5,79.9,80.3,80.5,80.8,81,81,81.1,81.1,81.1,81.2
Dominican Republic,Life,73.7,73.8,73.9,73.5,72.6,72.6,72.7,72.9,73.3,73.4,73.5,73.4,72.9,72.3,72.2,72,72.1,72.5,72.9,73.2,72.7
Algeria,Life,71,71.3,71.8,72,72.6,72.9,73.3,73.6,73.9,74.2,74.5,74.7,74.9,75.1,75.3,75.4,75.7,75.9,76,76.2,76.2
Ecuador,Life,74.5,75,74.1,73.9,73.9,73.6,73.6,73.7,73.8,74.1,74.3,74.9,74.9,75.2,75.6,75.9,75.9,76,76.2,76.4,73.9
Egypt,Life,68.5,68.3,68.3,68.2,68.5,68.8,68.9,69.2,69.3,69.3,69.4,69.6,69.7,70.1,70.3,69.9,70.2,70.5,70.7,71,71
Eritrea,Life,54.8,56.1,56.6,57,57.4,57.7,58.3,58.7,59.1,59.6,60,60.4,60.9,61.3,61.8,62.2,62.6,63,63.4,63.8,64
Spain,Life,79.5,79.8,79.9,80,80.3,80.6,81,81.2,81.4,81.8,82.1,82.3,82.4,82.7,82.8,82.8,83,83,83.1,83.1,81.5
Estonia,Life,71,70.8,71.4,72.1,72.5,73,73.3,73.3,74.4,75.2,76.3,76.3,76.5,77.2,77.3,77.8,77.7,77.8,77.9,78,77.7
Ethiopia,Life,51.1,53.3,54.2,55,55.9,57,58.2,59.5,60.8,61.9,63,64,64.9,65.6,66.3,66.8,67.4,67.9,68.4,68.8,69
Finland,Life,78,78.4,78.6,78.8,79,79.3,79.6,79.7,80,80.2,80.4,80.7,80.9,81.2,81.4,81.7,81.8,81.8,81.8,81.9,82
Fiji,Life,65.8,66.2,66.6,66.5,67.1,67.1,67.1,67.1,67.1,67.5,67.6,67.7,67.7,67.9,68,68,68,68.2,68.3,68.4,68.4
France,Life,79.2,79.3,79.5,79.7,80.3,80.6,80.8,81.1,81.2,81.4,81.6,81.8,82,82.3,82.6,82.5,82.8,82.9,82.9,82.9,82.2
"Micronesia, Fed. Sts.",Life,62.6,63.2,62.5,63.6,63.7,63.8,63.8,63.9,64,64,64,64.1,64.2,64.2,64.2,64,64.1,64.2,64.1,64.1,64.2
Gabon,Life,59.6,59.5,59.8,59.8,60.2,61.1,61.7,62,62.2,62.7,63.3,63.7,64.5,65.3,65.9,66.3,66.6,67,67.5,67.8,67.8
United Kingdom,Life,78,78.3,78.5,78.6,79,79.3,79.5,79.8,80,80.3,80.6,80.8,80.9,81,81.1,81,81.1,81.2,81,81.1,79.4
Georgia,Life,70.7,70.8,70.4,70.6,70.7,71,71.5,72,71.5,71.7,71.9,72.2,72.5,72.9,73.2,73.3,73.1,73.2,73.3,73.4,72.6
Ghana,Life,59.6,59.5,59.5,59.6,59.8,60,60.3,60.5,61,61.3,61.8,62.4,63,63.5,63.9,64.2,64.7,65.1,65.8,66.3,66.4
Guinea,Life,54.3,54.7,55.1,55.4,55.7,56,56.3,56.5,56.9,57.1,57.6,57.9,58.2,58.4,57.9,58.5,59.3,59.9,60.6,61.2,61.3
Gambia,Life,61.6,61.7,61.7,61.8,62,62.2,62.4,62.6,62.9,63.3,63.7,64.2,64.5,64.8,65,65.4,65.7,66,66.4,66.7,66.9
Guinea-Bissau,Life,51.5,51.8,52.1,52.4,52.7,52.8,53.6,54.3,54.8,55.5,56.2,56.9,57.4,57.9,58.3,58.8,59.3,59.8,60.3,61,61
Equatorial Guinea,Life,57.6,58.9,60,60.5,60.9,61.1,62,62.5,62.9,63.5,63.5,63.1,63.4,64.5,65,64.8,64.9,65.6,65.8,66,66.1
Greece,Life,78.4,78.7,78.9,79.1,79.2,79.4,79.7,79.6,80,80.2,80.4,80.5,80.6,80.9,81,80.9,81,81.1,81,80.9,80.4
Grenada,Life,72,72.1,72.1,72.2,71.8,72.4,72.5,72.6,72.5,72.5,72.5,72.6,73.2,73.1,73,73.1,72.9,73,73.2,73.3,73.3
Guatemala,Life,66.7,67.2,67.8,68.1,68.4,68.4,68.9,69.5,69.9,69.9,70.3,70.7,71.1,71.3,71.6,71.8,72,72.3,72.4,72.6,71.5
Guyana,Life,64,63.9,63.9,64.1,64.3,64.4,65,65.2,65.3,65.9,65.8,65.7,65.7,66,66,66.4,66.7,66.9,67.1,67.3,66.8
"Hong Kong, China",Life,80.4,80.7,81.1,81.4,81.7,81.9,82.1,82.3,82.5,82.7,82.8,83,83.2,83.4,83.6,83.7,83.9,84.1,84.3,84.5,84.5
Honduras,Life,70.1,70.2,70.4,70.5,70.7,70.9,71.1,71.2,71.3,71.3,71.1,71,69.3,69.6,69.9,69.9,71.5,71.7,71.9,72.1,70.7
Croatia,Life,74.7,74.9,75,75.1,75.6,75.6,76,75.9,75.9,76.5,76.8,77.1,77.4,77.8,77.9,77.7,78.4,78.5,78.6,78.7,77.9
Haiti,Life,57.4,57.8,58.2,58.5,57.5,59,59.5,60,60.2,60.7,32.5,60,61.4,61.6,61.9,62.2,62.4,63.1,63.5,63.8,63.9
Hungary,Life,71.9,72.5,72.6,72.7,73.1,73.1,73.5,73.6,74.2,74.4,74.8,75.1,75.4,75.9,76,75.9,76.3,76.3,76.3,76.6,75.8
Indonesia,Life,67.2,67.5,67.7,67.8,66.3,68.3,68.4,68.7,68.9,69.1,69.3,69.6,69.8,70,70.2,70.4,70.7,70.9,71.1,71.4,71.4
India,Life,62.9,63.3,63.8,64.5,65.2,65.4,65.6,65.8,66.1,66.8,67.3,67.6,68,68.4,69,69.4,70,70.3,70.5,70.8,70.8
Ireland,Life,76.8,77.3,77.8,78.3,78.7,79.1,79.4,79.7,80,80.2,80.8,80.8,81,81.2,81.5,81.7,81.9,81.9,82,82,81.1
Iran,Life,71.9,72.2,72.5,71.8,73.2,73.5,74,74.4,74.8,75.1,75.5,75.8,76,76.2,76.5,76.7,77.1,77.3,77.6,77.8,76.2
Iraq,Life,68.6,69,69.3,68.1,68.3,67.7,66.6,67.2,69.3,70.1,70.6,71,71.3,70.9,69.9,70.7,70.9,71.5,73.3,73.3,72.1
Iceland,Life,80.3,80.6,80.8,81.2,81.4,81.6,81.7,81.9,82.2,82.4,82.6,82.8,82.9,83.2,83.7,83.7,83.8,83.9,84,84.1,84
Israel,Life,78.9,79,78.9,79.5,79.9,80.3,80.4,80.8,81,81.4,81.9,82,82.3,82.5,82,82.7,83,83,83,83,82
Italy,Life,79.6,79.9,80.2,80.3,80.8,81,81.3,81.5,81.6,81.8,82.1,82.2,82.4,82.6,82.8,82.7,83,83.1,83.1,83.1,81.9
Jamaica,Life,74.6,74.7,75.5,76.3,76.8,77.4,77.5,76.3,75.2,74.6,76.3,75.8,77,77.1,76.3,76.1,76.2,76.3,76.3,76.3,76.2
Jordan,Life,72.9,73,73.3,73.8,74,74.1,74.5,75.5,76.2,76.7,76.9,77.2,77.5,77.9,78.1,78.2,78.1,78.2,77.9,78.2,76.9
Japan,Life,81.6,81.9,82.2,82.3,82.5,82.5,82.8,82.9,83.1,83.3,83.3,83.2,83.6,83.9,84.1,84.3,84.5,84.7,84.8,84.8,84.7
Kazakhstan,Life,64.7,64.7,64.7,64.6,64.6,64.6,64.8,65.3,66.3,67.3,67.6,68.1,68.6,69.4,70.1,70.6,71.1,71.5,71.7,71.9,71.2
Kenya,Life,54.8,54.9,55,55.2,55.7,56.5,57.5,58.5,59.4,60.3,61.2,62,62.6,63.2,63.8,64.4,65.1,65.7,66.1,66.5,66.4
Kyrgyz Republic,Life,67.2,67.3,67.2,67.1,67.4,67.4,67.2,67.6,68.3,69.3,69.6,70.3,70.7,71.2,71.6,71.9,72.7,73,73.3,73.4,72.9
Cambodia,Life,60.4,60.9,61.5,62.2,62.9,63.7,64.5,65.2,65.9,66.5,66.9,67.4,67.9,68.2,68.6,68.9,69.2,69.4,69.7,69.9,70
Kiribati,Life,56.4,56.7,57,57.2,57.5,57.7,58,58.2,58.4,58.6,58.8,59,59.3,59.5,59.7,59.9,60.1,60.3,59.3,60.8,60.8
South Korea,Life,76.3,76.9,77.3,77.7,78.3,78.8,79.3,79.8,80.2,80.5,80.8,81.2,81.5,81.9,82.3,82.6,82.8,82.9,82.9,82.9,82.8
Kuwait,Life,78.1,79.2,78.6,78.9,78.8,78.7,78.8,79,78.1,78.7,80.1,80.9,81,81.3,81.6,81.5,81.6,81.6,81.6,81.5,81.2
Lao,Life,58.4,59,59.7,60.4,61.1,61.7,62.3,62.9,63.6,64.2,64.9,65.6,66.2,66.7,67.2,67.6,68,68.4,68.6,69,69.1
Lebanon,Life,74.8,75.1,75.3,75.3,75.4,75.4,75.1,75.5,75.4,75.5,75.6,75.7,75.7,75.8,75.8,75.9,76.1,76.2,76.2,76.6,76.2
Liberia,Life,54.8,55.7,55.4,55.5,58.5,59.2,60,60.6,61.1,61.5,61.9,62.4,62.9,63.4,59.9,62.5,64.5,65.1,65.7,66.1,66.2
Libya,Life,74.9,75,75,75.5,76.4,76.8,76.9,76,75.9,75.7,76.2,73.2,76.5,76.7,74.3,74.6,74.3,75.6,75.7,75.9,75.5
St. Lucia,Life,73.4,73.5,73.6,73.8,74,74.3,74.6,75,75.3,75.5,75.6,76,76,75.7,75.6,75.6,75.1,75.1,75.1,75.1,75.2
Sri Lanka,Life,71.5,72.6,73.4,73.4,69,73.3,73.6,74,73.3,73.4,74,75.3,75.5,76,76.1,76.4,76.6,76.8,77.2,77.3,77.3
Lesotho,Life,48.5,47.3,46.1,45,44.2,43.9,44.2,45.1,46.3,47.4,48.1,48.2,47.9,47.9,47.9,48.5,49.6,50.8,51.4,51.8,52
Lithuania,Life,72.2,71.7,72,72,72,71.3,70.9,70.6,71.4,73,73.2,73.7,74,74,74.6,74.7,74.9,76,76.1,76.2,74.8
Luxembourg,Life,78,78.4,78.7,79,79.2,79.5,79.8,80.2,80.6,80.8,81,81.3,81.5,81.7,82,82.3,82.7,82.8,82.9,82.9,82
Latvia,Life,70.7,70.1,70.5,71,71.3,70.9,70.5,70.9,72.1,72.9,73.3,73.9,74.2,74.2,74.7,75.1,75.7,75.8,75.8,75.9,75.9
Morocco,Life,69.5,69.9,70.3,70.3,70.5,70.8,71,71.2,71.4,71.6,71.9,72.1,72.3,72.1,72.3,72.5,72.8,72.9,73.1,73.3,73
Moldova,Life,68.9,69.2,69.1,69.1,69.4,68.9,69.4,69.6,69.9,70.1,70,71.7,72,72.7,72.3,72.1,72.6,73.7,74,74.3,73.3
Madagascar,Life,59.5,60,60,60.3,60.6,61.1,61.5,61.9,62.1,62.3,62.6,62.9,63.2,63.5,63.8,64.2,64.5,64.8,65.1,65.5,65.6
Maldives,Life,72.2,72.8,73.7,74.4,73.9,75.8,76.3,76.8,77.2,77.5,77.8,78,78.3,78.5,78.7,78.9,78.9,78.9,79,79.1,79.1
Mexico,Life,74.2,74.6,74.6,74.7,75,75,75.3,75.6,75.2,75,75.3,75.5,75.7,75.5,75.6,75.7,75.5,75.5,75.5,75.6,73
North Macedonia,Life,71.5,71.4,71.5,71.7,72.2,72.5,72.3,72.4,72.9,73,73.4,73.7,73.7,74,74,74,73.8,74.1,74.3,74.4,72.8
Mali,Life,53.3,53.8,54.3,54.9,55.6,56.2,56.6,57.1,57.6,58,58.4,58.9,59.1,59.2,59.5,59.9,60.4,60.8,61.2,61.8,62
Malta,Life,78.8,79,79.1,79.3,79.6,80,80.3,80.4,80.6,80.8,81.1,81.2,81.4,81.6,81.8,82.2,82.3,82.4,82.5,82.6,82.3
Myanmar,Life,58.9,59.4,59.8,60.3,60.8,61.4,62,62.6,57.7,64,64.8,65.4,66.1,66.7,67.3,67.7,68.2,68.3,69.1,69.5,69.4
Montenegro,Life,73.7,73.8,73.9,73.8,73.8,73.8,73.9,74.1,74.3,74.4,74.7,74.9,75.2,75.1,75.2,75.3,75.4,75.5,75.6,75.9,74.4
Mongolia,Life,61,61.3,61.7,62.1,62.5,62.9,63.5,64,64.5,64.8,65.1,65.5,66.1,66.6,67.2,67.7,67.8,67.9,68,68.1,68.2
Mozambique,Life,52.2,52.3,52.2,52.1,52.1,52.1,52.3,52.8,53.4,53.5,53.5,53.6,53.6,54,54.9,55.8,56.6,57.3,57.9,58.4,58.4
Mauritania,Life,63.6,64.1,64.5,65,65.5,65.8,66.5,66.9,67.4,67.8,68.1,68.4,68.7,69,69.3,69.6,69.9,70.2,70.5,70.8,70.7
Mauritius,Life,72.3,72.6,72.7,72.9,73.2,73.2,73.3,73.8,73.7,73.8,74.2,74.6,74.7,75.1,75,75.2,75.2,75.3,75.3,75.5,75.5
Malawi,Life,45.9,46.3,46.7,47.4,48,48.9,50.1,51.6,53.4,55,56.3,57.7,59.3,60.6,61.5,62,62.6,63.4,64.1,64.7,64.8
Malaysia,Life,73,73.3,73.5,73.5,73.8,74.1,74.4,74.5,74.3,74.2,74.4,74.6,74.8,75.3,75.1,75,75,75.1,75.2,75,75.1
Namibia,Life,53.9,53.1,52.5,52.1,52.4,53.5,55.3,57.4,59.2,60.1,60.9,61.9,62.9,63.3,63.3,63.5,63.7,64.1,64.7,65.2,65.4
Niger,Life,51.9,52.3,53.3,53.7,55,55.6,56.7,57.2,58.3,58.7,59,59.3,59.6,60,60.4,60.6,61.1,61.5,62,62.5,62.6
Nigeria,Life,54.6,54.8,55.1,55.5,56,56.6,57.2,57.9,58.5,59,59.6,60.2,60.7,61.2,61.6,62.1,62.7,63.3,63.8,64.3,64.5
Nicaragua,Life,73.7,73.7,73.6,73.6,73.7,73.5,74.3,73.9,74,74.1,74.4,74.3,74.4,74.5,74.5,74.9,74.8,75,75.2,75.4,75.4
Netherlands,Life,78.3,78.4,78.6,78.9,79.3,79.6,80,80.3,80.5,80.8,81,81.1,81.2,81.4,81.6,81.7,81.7,81.7,81.7,81.7,81
Norway,Life,78.9,79.1,79.3,79.7,80.1,80.4,80.5,80.7,80.9,81.1,81.3,81.3,81.6,81.8,82.2,82.4,82.5,82.8,82.8,82.9,83.2
Nepal,Life,65.4,66.1,66.2,67,67.2,67.7,68,68.3,68.5,68.8,69,69.2,69.5,69.7,69.9,69.3,70.4,70.6,70.8,71.1,71.1
New Zealand,Life,78.4,78.6,78.8,79.1,79.4,79.8,80,80.2,80.4,80.6,80.9,80.9,81.2,81.5,81.5,81.7,81.9,82,81.8,81.8,81.8
Oman,Life,69.1,69.5,69.6,69.8,70.2,70.3,70.1,69.9,70,70.2,70.4,70.8,71.5,71.9,72.3,72.4,72.6,72.9,73.6,74,72.7
Pakistan,Life,61,61.2,61.4,61.5,61.8,61,62.3,62.7,62.9,63.1,63.3,63.6,63.8,64,64.2,64.4,64.7,64.9,65.5,65.9,65.9
Panama,Life,78,78.1,78.1,78,78.2,78.2,78.2,78.5,78.4,78.4,78.5,78.7,78.6,78.7,78.9,79.3,79.5,79.6,79.9,80,77
Peru,Life,74.6,75.5,75.9,76,76.7,77.2,77.7,78.3,78.5,77.4,77.3,77.7,78,78.4,78.9,79.4,79.6,79.8,80,80.3,77.4
Philippines,Life,70.3,70.2,70.2,70.3,70.4,70.3,70.2,70.5,70.4,70.4,70.6,70.7,70.7,70.6,71,70.9,71,71.2,71.6,71.8,71.8
Papua New Guinea,Life,63.1,62.9,62.7,62.5,62.3,62.2,62.2,62.3,62.5,62.6,62.8,63,63.1,63.4,63.7,63.9,64.1,64.3,64.4,64.7,64.8
Poland,Life,73.9,74.3,74.7,74.9,75,75.2,75.3,75.4,75.6,75.9,76.5,76.8,76.9,77.2,77.6,77.6,77.9,78,78,78.1,76.7
North Korea,Life,63.9,64,64.2,69.7,69.8,70,70.2,70.3,70.5,70.7,70.9,71.2,71.4,71.7,71.9,72.2,72.4,72.7,72.9,73.2,73.2
Portugal,Life,76.8,77.2,77.5,77.8,78.4,78.8,79.2,79.4,79.7,79.9,80.2,80.5,80.8,81.1,81.3,81.5,81.6,81.6,81.7,81.7,80.9
Paraguay,Life,75.6,76,76.1,75.8,75.2,75.6,75.6,76,76,75.8,75.7,76,76.2,76,76.4,76.5,76.1,76.3,76.5,76.6,75.7
Palestine,Life,70.2,69.6,68.8,70,69.8,71.1,69.6,71.6,69.3,69.8,73.7,73.7,73.9,74.8,74.5,74.3,74.5,74.7,74.7,74.8,73.6
Qatar,Life,71.2,71.5,71.5,71.7,72.2,72.3,72.1,72.2,72.5,72.8,73.4,73.9,74.3,74.7,74.9,75.5,75.7,75.9,76.1,76.3,76.2
Romania,Life,71.2,71.2,71.2,71.5,72,72.4,72.8,73.4,73.4,73.5,73.8,74.6,74.7,75.3,75,75.3,75.3,75.4,75.5,75.5,74.1
Russia,Life,65.6,65.5,65.4,65.2,65.5,65,66.5,67.5,67.7,68.7,68.8,70,70.5,70.9,71,71.5,72,72.9,73,73,71.2
Rwanda,Life,50.5,51.5,53.2,54.5,56.3,58.2,60.2,61.6,62.6,63.4,64.5,65.3,65.8,66.8,67.2,67.4,67.6,68,68.3,68.7,68.7
Saudi Arabia,Life,70.4,70.6,70.7,70.9,71.1,71.2,71.2,71.3,71.4,71.6,71.8,72.2,72.6,72.9,73.2,73.3,73.7,74,74.3,74.5,74.3
Sudan,Life,63.3,63.7,63.9,64.1,64.2,65.5,65.8,66.3,66.8,67,67.4,67.6,68.1,68.3,68.7,69,69.4,69.8,70.1,70.5,70.5
Senegal,Life,60.6,61.1,61.4,62.2,62.7,63.2,63.7,64.4,65,65.4,65.7,66,66.2,66.5,66.8,67,67.3,67.5,68,68.5,68.5
Singapore,Life,79.4,79.8,80.1,80.4,80.7,81.3,81.6,81.8,82.1,82.5,82.8,83.1,83.3,83.5,83.8,84.1,84.4,84.7,84.7,84.8,84.9
Solomon Islands,Life,57,56.9,56.9,56.9,56.8,56.8,56.9,56.8,57.1,57.1,57.4,57.6,57.9,58,58.1,58.4,58.6,58.8,59,59.2,59.2
Sierra Leone,Life,51.6,52.2,52.4,52.6,52.9,53.3,53.7,54.1,54.7,55.3,56,56.6,57.4,58.2,57.1,58.7,60,60.2,61.2,61.8,61.9
El Salvador,Life,73.1,73,74.3,73.9,73.6,73.6,73.7,74.1,74.7,74.1,75.2,75.1,74.5,74.3,73.5,73.4,75.2,75.4,75.6,75.7,75.1
Somalia,Life,51.4,51.8,52.2,52.6,52.8,53.5,53.8,53.9,54.3,54.6,53.9,54.3,55.5,56.2,56.6,57,57.2,57.4,57.9,58.5,58.6
Serbia,Life,71.4,71.9,72.2,72.2,72.3,72.3,72.7,73.2,73.5,73.6,74.1,74.3,74.8,74.9,75,75.1,75.5,75.6,75.6,75.7,75.2
South Sudan,Life,57,57.7,58.1,58.4,58.9,59.3,59.2,59.6,60,59.8,60.6,60.5,61.1,60.8,60.9,61.6,62,62.3,63,63.7,63.9
Sao Tome and Principe,Life,65,65.5,65.9,66.2,66.5,66.7,67.2,67.6,67.9,68.6,69,69.3,69.3,69.4,69.8,70,70.2,70.4,70.7,70.9,70.7
Suriname,Life,69.8,69.6,69.5,69.8,70.1,70.6,71.2,71.6,71.7,72.1,72.3,72.8,73.1,73,72.7,72.5,72.4,72.5,72.6,72.7,72.4
Slovak Republic,Life,73.7,73.9,74.1,74.2,74.6,74.5,74.7,74.7,75,75.3,75.8,76,76.3,76.7,76.9,76.8,77.3,77.4,77.5,77.6,76.7
Slovenia,Life,76.3,76.3,76.8,77,77.4,78.1,78.3,78.6,79.1,79.4,79.7,80,80.2,80.5,81.3,81,81.3,81.3,81.4,81.4,80.4
Sweden,Life,80,80.2,80.3,80.5,80.7,81,81.1,81.3,81.5,81.7,81.9,82,82.1,82.3,82.5,82.5,82.6,82.7,82.7,82.8,82
Eswatini,Life,48.3,46.3,45,43.9,43.1,43.3,44.1,44.9,45.5,46.4,48,49.8,50.9,52.1,53.5,54.9,56.1,57,57.8,58.3,58
Seychelles,Life,72.2,72.3,72.1,71.9,72,72.2,72.4,72.5,72.8,72.9,73.2,73.4,73.4,73.5,73.5,73.4,73.3,73.4,73.5,73.6,73.6
Syria,Life,71.6,72.4,72.8,73.8,74.1,74.4,74.5,74.6,74.4,74.7,74.7,72.8,65.8,66.4,63.6,65.5,64.3,68.3,73.2,73.9,74.4
Chad,Life,52.3,52.5,52.6,52.8,53.2,53.7,53.9,54.8,55.2,56,56.5,56.9,57.3,57.8,58.3,58.8,59.3,59.5,59.9,60.4,60.5
Togo,Life,56.4,56.3,56.3,56.4,56.7,56.9,57.5,57.8,58.1,58.7,59.5,60.2,60.8,61.3,61.8,62.4,63,63.8,64.5,65,65.2
Thailand,Life,71.8,72.8,73.1,73.6,73.7,74.8,75.4,76,76.5,76.9,77,77.4,77.7,78,78.1,78.2,78,78.2,78.3,78.4,78.5
Tajikistan,Life,66.6,66.8,67,67.3,67.5,67.5,67.6,67.7,67.9,68,68,68.1,68.3,68.6,68.6,68.6,68.6,68.8,69.2,69.6,69.6
Turkmenistan,Life,66.3,66.7,66.6,66.5,66.2,65.8,66.2,66.6,67.3,68.8,69.5,69.6,69.8,69.8,69.9,70,70.3,70.5,70.6,70.8,70.9
Timor-Leste,Life,65.5,65.8,66.1,66.5,67.1,67.7,68.4,69,69.5,69.8,70,70.2,70.3,70.4,70.3,70.3,70.4,70.5,70.5,70.6,70.7
Tonga,Life,70.7,71,71,71.1,71.4,72,72.1,72.1,72.1,70,72.2,72.3,72.4,72.5,72.5,72.6,72.7,72.8,72.9,73,73
Trinidad and Tobago,Life,70.5,70.6,71.2,71.1,71.6,71.9,72.5,72.8,72.4,73.2,73.7,74.5,75.1,74.9,74.9,74.9,74.8,74.8,74.8,74.9,74.8
Tunisia,Life,74.3,74.5,74.7,74.9,75.1,75.4,75.5,75.7,75.9,76,76.2,76.2,76.5,76.7,76.8,77,77.2,77.3,77.5,77.7,77
Turkey,Life,74.7,75,75.2,75.7,76.3,76.8,77,77.1,77,76.8,76.7,76.8,77,77,77.1,77.4,77.5,77.8,78.1,78.4,77.8
Taiwan,Life,76.9,77.2,77.7,77.9,77.9,77.9,78.5,78.8,79,79.4,79.7,79.5,79.7,80.1,80,80.3,80.2,80.2,80.2,80.3,80.4
Tanzania,Life,53.4,54,54.6,55.3,55.9,56.5,57.3,58.5,59.6,60.3,61.1,61.7,62.7,63.7,64.5,65.1,65.5,66,66.7,67.2,67.3
Uganda,Life,49.6,50.3,51,51.8,52.6,53.9,55.5,56.5,57.6,58.5,59.3,60.4,61.4,62.4,63.2,63.9,64,65,65.7,66.2,66.4
Ukraine,Life,68,68.2,68.1,68.3,68,67.8,68.4,68.1,68.3,70,70.8,71.5,71.6,71.8,71.7,72.5,72.9,73.8,73.9,73.8,73.2
Uruguay,Life,74.8,75,75,75,75.2,75.5,75.9,75.7,76.2,76.5,76.5,76.4,76.5,76.8,77.1,77.1,77.3,77.3,77.5,77.5,77.3
United States,Life,77,77.1,77.2,77.3,77.7,77.7,78,78.2,78.4,78.6,78.9,78.9,79,79.1,79.1,79,78.9,79,79,78.9,77
Uzbekistan,Life,65.1,65.1,65,64.9,64.8,64.5,65,65.3,65.7,66.2,66.5,66.6,66.7,67,67.2,67.3,67.6,67.8,68.1,68.4,68.4
St. Vincent and the Grenadines,Life,71.1,71.7,71.7,72.2,72.3,72.6,72.9,73.1,73.1,73,73.1,73.2,73,72.5,72.6,72.6,72.6,72.7,72.8,73,73
Venezuela,Life,74.2,74.1,74,73.5,74.6,75,74.8,74.6,74.4,74.6,75.3,75.4,75.2,75.5,75.6,75.7,75.6,75.5,75.4,75,75.1
Vietnam,Life,72.2,72.4,72.5,72.6,72.7,72.8,72.9,72.9,73,73.1,73.2,73.3,73.5,73.6,73.7,73.9,74,74.2,74.3,74.5,74.5
Vanuatu,Life,63.6,63.6,63.6,63.7,63.7,63.8,63.9,64,64.1,64.2,64.4,64.5,64.7,64.8,64.8,65,65.1,65.3,65.3,65.5,65.5
Samoa,Life,68.5,68.6,68.8,68.9,69,69,69.2,69.3,69.5,67.5,69.6,69.7,69.6,69.9,70,70.1,70.2,70.3,70.4,70.5,70.5
Yemen,Life,63.5,64,64.5,64.9,65.3,65.8,66.2,66.5,66.9,67.2,67.6,67.8,67.9,68.4,68.5,68.2,67.5,67.3,66.1,67.7,67.8
South Africa,Life,55.6,54.8,53.7,52.7,52.2,52.1,52.3,53.2,54.3,55.7,57.1,58.7,60.1,61.3,61.8,62.3,62.7,63.2,64.4,65.1,64.3
Zambia,Life,45.3,45.2,45.9,46.6,47.7,48.7,50,51.9,54.1,55.7,56.5,57.5,58.5,59.5,60.2,60.8,61.4,61.9,62.5,63.2,63.1
Zimbabwe,Life,47.5,47,46.6,46.4,46.4,46.8,47.4,48.2,48.9,50.2,52.3,54.4,56,57.2,58,58.6,59.2,59.9,60.6,61,60.7
Afghanistan,Water,28.2,28.2,30.2,32.3,34.3,36.4,38.5,40.9,43.3,45.8,48.3,50.8,53.4,56,58.7,61.3,64.1,66.8,69.6,72.4,75.1
Angola,Water,41.1,42.3,43.4,44.4,45.4,46.3,47.2,48,48.8,49.6,50.4,51.2,52,52.8,53.5,54.3,55.1,55.8,56.6,56.9,57.2
Albania,Water,86.8,86.9,87.5,88,88.5,89,89.5,90,90.5,90.9,91.4,91.8,92.2,92.6,93,93.4,93.8,94.1,94.4,94.8,95.1
Andorra,Water,100,100,100,100,100,100,100,100,100,100,100,100,100,100,100,100,100,100,100,100,100
United Arab Emirates,Water,100,100,100,100,100,100,100,100,100,100,100,100,100,100,100,100,100,100,100,100,100
Armenia,Water,95.2,95.5,95.8,96.1,96.4,96.7,97,97.3,97.6,97.9,98.2,98.5,98.8,99.1,99.4,99.6,99.6,99.9,100,100,100
American Samoa,Water,98.5,98.5,98.6,98.7,98.8,98.8,98.9,99,99.1,99.2,99.2,99.3,99.4,99.5,99.5,99.6,99.7,99.8,99.8,99.8,99.8
Australia,Water,99.7,99.7,99.7,99.7,99.8,99.8,99.8,99.8,99.8,99.9,99.9,99.9,99.9,99.9,100,100,100,100,100,100,100
Austria,Water,100,100,100,100,100,100,100,100,100,100,100,100,100,100,100,100,100,100,100,100,100
Azerbaijan,Water,73.6,74.8,76,77.2,78.4,79.7,80.9,82.2,83.4,84.7,86,87.3,88.5,89.8,91.2,92.4,93.2,93.9,94.7,95.4,96
Burundi,Water,50.7,51.2,51.8,52.4,53,53.6,54.1,54.7,55.3,55.9,56.5,57.1,57.7,58.3,59,59.6,60.2,60.8,61.5,62.1,62.2
Belgium,Water,100,100,100,100,100,100,100,100,100,100,100,100,100,100,100,100,100,100,100,100,100
Benin,Water,62.2,62.4,62.6,62.8,63,63.2,63.3,63.5,63.7,63.9,64,64.2,64.4,64.5,64.6,64.8,64.9,65.1,65.2,65.3,65.4
Burkina Faso,Water,58.1,58.2,57.7,57.1,56.6,56.1,55.5,55,54.4,53.8,53.2,52.5,51.9,51.3,50.7,50.1,49.5,49,48.4,47.8,47.2
Bangladesh,Water,94.7,94.9,95.1,95.2,95.4,95.6,95.8,95.9,96.1,96.2,96.4,96.5,96.7,96.8,97,97.1,97.2,97.4,97.5,97.6,97.7
Bulgaria,Water,99.9,99.8,99.8,99.7,99.7,99.6,99.6,99.5,99.5,99.4,99.4,99.4,99.3,99.3,99.2,99.2,99.2,99.1,99.1,99,99
Bahrain,Water,99.9,99.9,99.9,99.9,99.9,99.9,100,100,100,100,100,100,100,100,100,100,100,100,100,100,100
Bosnia and Herzegovina,Water,97.3,97.2,97.2,97.1,97.1,97,96.9,96.9,96.8,96.7,96.7,96.6,96.5,96.4,96.2,96.2,96.2,96.1,96.1,96.1,96.1
Belarus,Water,99.3,99.3,99.3,99.3,99.1,98.8,98.6,98.3,98.1,97.8,97.5,97.3,97,96.7,96.5,96.5,96.5,96.5,96.5,96.5,96.5
Belize,Water,87.4,88.1,88.7,89.4,90,90.7,91.3,92,92.6,93.3,93.9,94.6,95.2,95.9,96.5,97.2,97.6,98,98.4,98.4,98.4
Bermuda,Water,100,100,100,100,100,100,99.9,99.9,99.9,99.9,99.9,99.9,99.9,99.9,99.9,99.9,99.9,99.9,99.9,99.9,99.9
Bolivia,Water,80,80.8,81.5,82.3,83,83.8,84.5,85.2,85.9,86.6,87.3,87.9,88.6,89.2,89.9,90.5,91.1,91.7,92.3,92.8,93.4
Brazil,Water,93.5,93.8,94.1,94.5,94.8,95.1,95.4,95.7,96,96.2,96.5,96.8,97.1,97.3,97.6,97.8,98,98.5,98.7,98.9,99.3
Barbados,Water,98.3,98.3,98.3,98.4,98.4,98.4,98.4,98.4,98.4,98.4,98.4,98.4,98.4,98.5,98.5,98.5,98.5,98.5,98.5,98.5,98.5
Brunei,Water,99.9,99.9,99.9,99.9,99.9,99.9,99.9,99.5,99.5,99.5,99.5,99.5,99.5,99.5,99.5,99.5,99.9,99.9,99.9,99.9,99.9
Bhutan,Water,83.3,84.4,85.4,86.4,87.3,88.3,89.1,90,90.8,91.6,92.4,93.2,94,94.7,95.4,96.2,96.8,97.2,97.3,97.3,97.3
Botswana,Water,75.2,75.5,75.8,75.9,76.1,76.3,77.4,78.9,80.3,81.7,83,84.3,85.4,86.5,87.5,88.4,89.4,90.3,91.2,92.1,92.2
Central African Republic,Water,59,57.8,56.7,55.5,54.3,53.2,52,50.9,49.8,48.7,47.6,46.5,45.5,44.4,43.4,42.3,41.3,40.2,39.2,38.2,37.2
Canada,Water,99.2,99.2,99.2,99.2,99.2,99.2,99.2,99.2,99.2,99.2,99.2,99.2,99.2,99.2,99.2,99.2,99.2,99.2,99.2,99.2,99.2
Switzerland,Water,100,100,100,100,100,100,100,100,100,100,100,100,100,100,100,100,100,100,100,100,100
Chile,Water,95.7,96.1,96.4,96.6,96.9,97.1,97.4,97.6,97.8,98.1,98.3,98.6,98.8,99,99.3,99.5,99.7,100,100,100,100
China,Water,80.5,80.8,81.8,82.7,83.7,84.6,85.4,86.3,87.1,87.8,88.6,89.3,89.9,90.6,91.2,91.8,92.3,92.8,93.3,93.8,94.3
Cote d'Ivoire,Water,71.4,71.4,71.4,71.4,71.4,71.3,71.3,71.3,71.3,71.3,71.2,71.2,71.2,71.1,71.1,71.1,71,71,71,70.9,70.9
Cameroon,Water,57.6,58.1,58.6,59,59.5,59.9,60.4,60.8,61.2,61.6,62,62.4,62.8,63.2,63.6,64,64.3,64.7,65,65.4,65.7
"Congo, Dem. Rep.",Water,33.7,34.3,34.9,35.4,36,36.6,37.2,37.8,38.4,39,39.6,40.2,40.8,41.5,42.1,42.7,43.4,44,44.6,45.3,46
"Congo, Rep.",Water,57.2,57.5,58,58.4,59.5,60.6,61.6,62.7,63.8,64.8,65.9,67,68,69.1,70.1,71.1,72.2,73.2,73.4,73.6,73.8
Colombia,Water,91.5,91.8,92.2,92.5,92.9,93.2,93.6,93.9,94.2,94.5,94.9,95.2,95.5,95.8,96,96.3,96.6,96.9,97.1,97.3,97.5
Cape Verde,Water,79.1,79.3,79.5,79.7,80.1,80.6,81.1,81.5,82,82.5,83,83.4,83.9,84.3,84.7,85.4,86.3,87.1,87.6,88.2,88.8
Costa Rica,Water,94.3,94.8,95.2,95.7,96.1,96.5,96.8,97.2,97.5,97.8,98.1,98.4,98.6,98.9,99.1,99.4,99.6,99.8,99.8,99.8,99.8
Cuba,Water,92.5,92.7,93,93.1,93.3,93.6,93.8,94,94.3,94.5,94.7,95,95.2,95.4,95.6,95.9,96.1,96.3,96.5,96.8,97
Cyprus,Water,99.9,99.9,99.9,99.9,99.9,99.9,99.9,99.9,99.8,99.8,99.8,99.8,99.8,99.8,99.8,99.8,99.8,99.8,99.8,99.8,99.8
Czech Republic,Water,99.8,99.8,99.8,99.8,99.8,99.8,99.8,99.8,99.8,99.9,99.9,99.9,99.9,99.9,99.9,99.9,99.9,99.9,99.9,99.9,99.9
Germany,Water,100,100,100,100,100,100,100,100,100,100,100,100,100,100,100,100,100,100,100,100,100
Djibouti,Water,75.4,75.5,75.5,75.5,75.5,75.5,75.5,75.6,75.6,75.6,75.6,75.6,75.7,75.7,75.7,75.8,75.8,75.9,75.9,76,76
Denmark,Water,100,100,100,100,100,100,100,100,100,100,100,100,100,100,100,100,100,100,100,100,100
Dominican Republic,Water,90.4,90.8,91.2,91.7,92.1,92.6,93,93.4,93.8,94.2,94.5,94.9,95.2,95.5,95.8,96.1,96.4,96.5,96.5,96.6,96.7
Algeria,Water,89.8,90.1,90.4,90.6,90.9,91.1,91.4,91.6,91.8,92.1,92.3,92.5,92.7,93,93.2,93.4,93.6,93.8,94,94.2,94.4
Ecuador,Water,82.3,83,83.8,84.5,85.2,85.9,86.7,87.4,88.1,88.8,89.5,90.2,90.9,91.7,92.4,93.1,93.8,94.3,94.7,95,95.4
Egypt,Water,97.9,98,98.1,98.1,98.2,98.3,98.4,98.5,98.5,98.6,98.7,98.8,98.9,98.9,99,99.1,99.2,99.3,99.3,99.4,99.4
Spain,Water,100,100,100,100,100,100,100,100,100,100,100,100,100,100,99.9,99.9,99.9,99.9,99.9,99.9,99.9
Estonia,Water,99.2,99.3,99.3,99.3,99.3,99.3,99.4,99.8,99.8,99.7,99.7,99.7,99.7,99.7,99.8,99.8,99.5,99.6,99.6,99.6,99.6
Ethiopia,Water,18.1,19.7,21.3,22.9,24.5,26.1,27.7,29.2,30.9,32.5,34.2,35.8,37.4,39,40.5,42.1,43.6,45.1,46.6,48.1,49.6
Finland,Water,100,100,100,100,100,100,100,100,100,100,100,100,100,100,100,100,100,100,100,100,100
Fiji,Water,94.3,94.3,94.4,94.4,94.3,94.3,94.3,94.3,94.3,94.3,94.3,94.3,94.3,94.3,94.3,94.3,94.3,94.3,94.3,94.3,94.3
France,Water,99.9,99.9,99.9,99.9,99.9,99.9,99.9,100,100,100,100,100,100,100,100,100,100,100,100,100,100
Faeroe Islands,Water,100,100,100,100,100,100,100,100,100,100,100,100,100,100,100,100,100,100,100,100,100
Gabon,Water,80.9,81.1,81.4,81.6,81.9,82.1,82.3,82.5,82.7,82.8,83,83.1,83.3,83.4,83.5,83.9,84.2,84.5,84.9,85.2,85.3
United Kingdom,Water,100,100,100,100,100,100,100,100,100,100,100,100,100,100,100,100,100,100,100,100,100
Georgia,Water,93.8,93.9,94,94.2,94.3,94.5,94.6,94.7,94.9,95,95.1,95.2,95.4,95.5,95.6,95.8,96.4,97,97.1,97.2,97.3
Ghana,Water,63.8,64.7,65.8,66.9,68,69.1,70.2,71.3,72.4,73.5,74.6,75.7,76.8,77.9,79,80.2,81.3,82.4,83.5,84.7,85.8
Gibraltar,Water,100,100,100,100,100,100,100,100,100,100,100,100,100,100,100,100,100,100,100,100,100
Guinea,Water,53.2,54.2,55.1,56.1,57.1,58,59,59.9,60.9,61.8,62.8,63,63.2,63.4,63.5,63.6,63.7,63.8,63.9,63.9,64
Gambia,Water,73.8,74.2,74.6,75,75.3,75.7,76,76.4,76.7,77.1,77.4,77.8,78.2,78.5,78.9,79.2,79.6,79.9,80.3,80.6,80.9
Guinea-Bissau,Water,56,56.3,56.5,56.8,57,57.2,57.5,57.6,57.8,58,58.2,58.3,58.4,58.6,58.7,58.8,58.8,58.9,59,59,59
Greece,Water,99.7,99.7,99.7,99.7,99.8,99.8,99.8,99.8,99.9,99.9,99.9,99.9,100,100,100,100,100,100,100,100,100
Greenland,Water,100,100,100,100,100,100,100,100,100,100,100,100,100,100,100,100,100,100,100,100,100
Guatemala,Water,86.4,86.8,87.2,87.6,88,88.4,88.8,89.2,89.6,89.9,90.3,90.7,91,91.4,91.8,92.1,92.5,92.9,93.2,93.6,94
Guam,Water,99.4,99.4,99.4,99.5,99.5,99.5,99.5,99.6,99.6,99.6,99.6,99.7,99.7,99.7,99.7,99.7,99.7,99.7,99.7,99.7,99.7
Guyana,Water,87.9,88.4,88.9,89.3,89.8,90.3,90.7,91.2,91.7,92.2,92.6,93.1,93.6,94.1,94.7,95.2,95.5,95.5,95.5,95.5,95.6
"Hong Kong, China",Water,98.7,98.8,98.9,99,99.1,99.2,99.2,99.3,99.4,99.5,99.6,99.7,99.7,99.8,99.9,100,100,100,100,100,100
Honduras,Water,85.2,85.7,86.3,86.9,87.5,88,88.6,89.1,89.6,90.2,90.7,91.2,91.7,92.2,92.7,93.3,93.8,94.2,94.7,95.2,95.7
Haiti,Water,56.2,57.1,57.9,58.7,59.3,59.8,60.2,60.7,61.2,61.7,62.2,62.7,63.2,63.6,64.1,64.6,65,65.5,65.9,66.3,66.7
Hungary,Water,100,100,100,100,100,100,100,100,100,100,100,100,100,100,100,100,100,100,100,100,100
Indonesia,Water,75.3,76.3,77.2,78.2,79.1,80,80.9,81.8,82.7,83.6,84.4,85.3,86.1,86.9,87.7,88.5,89.3,90.1,90.9,91.6,92.4
India,Water,80.5,81,81.6,82.1,82.6,83.1,83.7,84.2,84.7,85.2,85.7,86.2,86.7,87.2,87.7,88.1,88.6,89.1,89.6,90,90.5
Ireland,Water,97.2,97.2,97.2,97.2,97.2,97.2,97.3,97.3,97.3,97.3,97.3,97.3,97.3,97.3,97.4,97.4,97.4,97.4,97.4,97.4,97.4
Iran,Water,94.1,94.3,94.6,94.8,95,95.2,95.3,95.5,95.7,95.9,96,96.2,96.4,96.5,96.7,96.8,96.9,97.1,97.2,97.4,97.5
Iraq,Water,80.8,81.7,82.6,83.5,84.4,85.3,86.2,87.1,88,88.8,89.7,90.7,91.6,92.5,93.4,94.2,95.1,96,96.9,97.8,98.4
Iceland,Water,100,100,100,100,100,100,100,100,100,100,100,100,100,100,100,100,100,100,100,100,100
Israel,Water,100,100,100,100,100,100,100,100,100,100,100,100,100,100,100,100,100,100,100,100,100
Italy,Water,99.6,99.6,99.6,99.6,99.7,99.7,99.7,99.7,99.8,99.8,99.8,99.8,99.9,99.9,99.9,99.9,99.9,99.9,99.9,99.9,99.9
Jamaica,Water,93.1,93.3,93.4,93.6,93.4,93.1,92.7,92.3,92,91.6,91.2,90.9,90.5,90.1,90.3,90.4,90.6,90.7,90.9,91,91
Jordan,Water,99,99,99,99,99,99,99,99,99,99,99,99,99,99,99,99,99,99,99,99,98.9
Japan,Water,98.5,98.5,98.5,98.5,98.5,98.5,98.6,98.6,98.6,98.7,98.7,98.8,98.8,98.8,98.9,98.9,99,99,99,99.1,99.1
Kazakhstan,Water,90.1,90.6,90.9,91.2,91.6,91.9,92.3,92.6,93,93.3,93.7,94,94.3,94.6,94.8,95,95.2,95.4,95.4,95.4,95.4
Kenya,Water,47.3,48,48.8,49.5,50.3,51,51.8,52.5,53.2,53.9,54.7,55.4,56.1,56.8,57.5,58.2,58.9,59.6,60.3,61,61.6
Kyrgyz Republic,Water,79.9,79.9,80.5,81.2,81.8,82.4,83,83.6,84.2,84.8,85.4,86,86.6,87.2,87.8,88.4,89,89.6,90.2,90.7,91.7
Cambodia,Water,52.6,54.2,55.8,57.4,59.1,60.3,61.2,62.1,63,63.9,64.7,65.5,66.3,67.1,67.8,68.4,69.1,69.7,70.3,70.8,71.2
Kiribati,Water,59.9,60.9,61.7,62.6,63.5,64.3,65.3,66.5,67.6,68.6,69.5,70.4,71.2,72.1,73,73.8,74.7,75.5,76.4,77.2,78
Kuwait,Water,100,100,100,100,100,100,100,100,100,100,100,100,100,100,100,100,100,100,100,100,100
Lao,Water,46.1,48.5,50.9,53.2,55.5,57.7,59.8,61.9,63.9,65.9,67.9,69.8,71.8,73.7,75.6,77.5,79.6,81.5,83.3,85.1,85.2
Lebanon,Water,85.9,86.2,86.6,86.9,87.3,87.7,88,88.4,88.7,89.1,89.4,89.8,90.2,90.5,90.9,91.2,91.6,91.9,92.3,92.6,92.6
Liberia,Water,61.7,62.6,63.5,64.5,65.4,66.3,67,67.7,68.3,68.9,69.6,70.2,70.8,71.4,72,72.6,73.2,73.7,74.3,75.2,75.3
Libya,Water,84.2,85.1,86,86.8,87.7,88.6,89.5,90.3,91.2,92.1,92.9,93.8,94.7,95.5,96.4,97.3,98.2,99,99.9,99.9,99.9
St. Lucia,Water,90.4,90.4,90.3,90.7,91,91.4,91.8,92.2,92.6,93,93.4,93.8,94.2,94.7,95.1,95.6,96,96.4,96.9,96.9,96.9
Liechtenstein,Water,100,100,100,100,100,100,100,100,100,100,100,100,100,100,100,100,100,100,100,100,100
Sri Lanka,Water,80,80.6,81.3,81.9,82.6,83.3,84,84.6,85.3,86,86.7,87.4,88,88.7,89.4,90.1,90.8,91.5,92.2,92.2,92.2
Lesotho,Water,66.2,66.5,66.7,67,67.3,67.6,67.9,68.2,68.4,68.7,69,69.4,69.6,69.9,70.2,70.5,70.9,71.2,71.5,71.8,72.2
Lithuania,Water,89.7,90.1,90.6,91,91.5,91.9,92.4,92.9,93.3,93.8,94.2,94.7,95.2,95.7,96.1,96.6,97.1,97.5,98,98,98
Luxembourg,Water,100,100,100,100,100,100,100,100,100,100,100,100,100,100,99.9,99.9,99.9,99.9,99.9,99.9,99.9
Latvia,Water,97.8,97.8,97.9,97.9,98,98,98.1,98.1,98.2,98.2,98.3,98.3,98.4,98.4,98.5,98.5,98.6,98.6,98.7,98.7,98.8
"Macao, China",Water,100,100,100,100,100,100,100,100,100,100,100,100,100,100,100,100,100,100,100,100,100
St. Martin (French part),Water,100,100,100,100,100,100,100,100,100,100,100,100,100,100,100,100,100,100,100,100,100
Morocco,Water,62.5,63.7,65.1,66.5,67.9,69.4,70.9,72.3,73.8,75.3,76.7,78.2,79.6,81,82.4,83.8,85.1,86.5,87.8,89.1,90.4
Monaco,Water,100,100,100,100,100,100,100,100,100,100,100,100,100,100,100,100,100,100,100,100,100
Moldova,Water,83.1,83.4,83.7,84,84.3,84.7,85.1,85.5,85.9,86.2,86.6,87,87.4,87.8,88.2,88.6,89,89.4,89.8,90.2,90.6
Madagascar,Water,36.3,37,37.7,38.4,39.1,40,40.9,41.8,42.7,43.5,44.4,45.3,46.2,47.1,48,48.9,49.8,50.7,51.6,52.5,53.4
Maldives,Water,93.8,94.2,94.6,94.9,95.3,95.7,96,96.3,96.6,96.9,97.3,97.6,97.9,98.2,98.5,98.8,99.1,99.4,99.5,99.5,99.5
Mexico,Water,90,90.6,91.2,91.9,92.5,93.1,93.7,94.3,94.9,95.4,95.8,96.3,96.7,97.2,97.6,98,98.5,98.9,99.3,99.5,99.7
North Macedonia,Water,96.9,96.9,96.9,96.9,96.9,96.9,97,97,97.1,97.2,97.2,97.3,97.3,97.4,97.4,97.5,97.5,97.6,97.6,97.7,97.7
Mali,Water,49.5,51,52.7,54.4,56,57.7,59.4,61.1,62.8,64.4,66.1,67.8,69.4,71.1,72.8,74.4,76,77.7,79.3,80.9,82.5
Malta,Water,100,100,100,100,100,100,100,100,100,100,100,100,100,100,100,100,100,100,100,100,100
Myanmar,Water,47,48.6,50.2,51.8,53.5,55.2,56.9,58.7,60.5,62.3,64.1,65.9,67.8,69.7,71.6,73.6,75.6,77.6,79.6,81.7,83.7
Mongolia,Water,62,63.5,65,66.5,67.9,69.3,70.7,72.1,73.5,74.8,76.2,77.2,78.1,79,79.9,80.8,81.7,82.7,83.6,84.5,85.5
Northern Mariana Islands,Water,96.8,97.1,97.3,97.5,97.7,97.9,98.1,98.3,98.5,98.7,98.9,99.1,99.4,99.6,99.8,100,100,100,100,100,100
Mozambique,Water,21.1,22.3,24.1,25.8,27.6,29.5,31.4,33.3,35.4,37.6,39.7,42,44.2,46.5,48.8,51.2,53.6,56,58.4,60.9,63.4
Mauritania,Water,41,42,43.7,45.4,47.1,48.9,50.6,52.4,54.2,56,57.8,59.6,61.4,63.3,65.1,67,68.8,70.7,71,71.4,71.7
Mauritius,Water,99.3,99.3,99.4,99.4,99.5,99.5,99.5,99.6,99.6,99.7,99.7,99.8,99.8,99.9,99.9,99.9,99.9,99.9,99.9,99.9,99.9
Malawi,Water,53.8,54.7,55.5,56.4,57.2,58,58.9,59.7,60.5,61.3,62.1,63,63.8,64.6,65.4,66.2,66.9,67.7,68.5,69.3,70
Malaysia,Water,96.9,96.9,96.9,96.9,97,97,97,97,97,97,97,97,97,97,97,97.1,97.1,97.1,97.1,97.1,97.1
Namibia,Water,76.4,76.7,77.1,77.6,78,78.4,78.9,79.3,79.7,80.1,80.5,80.9,81.3,81.7,82.1,82.5,82.9,83.3,83.6,84,84.3
New Caledonia,Water,95.1,95.1,95.1,95.3,95.6,95.8,96,96.3,96.5,96.7,97,97.2,97.4,97.7,97.9,98.1,98.4,98.6,98.8,99.1,99.3
Niger,Water,36.8,37.7,38.5,39.2,39.9,40.6,41.2,41.8,42.4,42.9,43.4,43.9,44.3,44.7,45.1,45.5,45.8,46.1,46.4,46.7,46.9
Nigeria,Water,43.2,44.6,46.2,47.9,49.6,51.4,53.1,54.8,56.5,58.3,60,61.8,63.5,65.3,67,68.8,70.5,72.3,74.1,75.8,77.6
Nicaragua,Water,80.6,80.7,80.7,80.7,80.8,80.8,80.8,80.9,80.9,81,81,81.1,81.2,81.2,81.3,81.4,81.4,81.4,81.5,81.6,81.7
Netherlands,Water,100,100,100,100,100,100,100,100,100,100,100,100,100,100,100,100,100,100,100,100,100
Norway,Water,100,100,100,100,100,100,100,100,100,100,100,100,100,100,100,100,100,100,100,100,100
Nepal,Water,79.9,80.5,81.1,81.6,82.2,82.7,83.3,83.8,84.3,84.8,85.4,85.9,86.4,86.8,87.3,87.8,88.3,88.7,89.2,89.6,90.1
Nauru,Water,95.4,95.7,96.1,96.4,96.7,97,97.4,97.7,98,98.4,98.7,99,99.4,99.7,100,100,100,100,100,100,100
New Zealand,Water,100,100,100,100,100,100,100,100,100,100,100,100,100,100,100,100,100,100,100,100,100
Oman,Water,85.6,85.6,85.6,85.6,85.7,86.1,86.4,86.8,87.1,87.5,87.8,88.3,88.8,89.3,89.8,90.2,90.7,91.1,91.5,91.9,92.2
Pakistan,Water,87.2,87.4,87.6,87.8,88,88,88.1,88.3,88.4,88.6,88.7,88.9,89,89.2,89.3,89.5,89.6,89.7,89.9,90,90.1
Panama,Water,89.6,89.9,90.3,90.6,90.8,91,91.2,91.4,91.5,91.7,91.9,92,92.2,92.3,92.5,92.9,93.2,93.6,93.9,94.2,94.4
Peru,Water,80.4,81.2,81.9,82.7,83.4,84.1,84.8,85.5,86.1,86.7,87.3,87.9,88.5,89.1,89.7,90.3,90.9,91.4,92,92.6,93.1
Philippines,Water,86,86.3,86.7,87.1,87.5,87.9,88.3,88.7,89.1,89.5,89.9,90.3,90.8,91.2,91.6,92,92.4,92.9,93.3,93.7,94.1
Palau,Water,99.3,99.3,99.4,99.4,99.4,99.4,99.4,99.5,99.5,99.5,99.5,99.6,99.6,99.6,99.6,99.6,99.6,99.7,99.7,99.7,99.7
Papua New Guinea,Water,33.2,33.2,33.1,33.1,33.1,33.9,34.7,35.4,36.2,37,37.7,38.5,39.2,40,40.7,41.5,42.3,43,43.8,44.6,45.3
Puerto Rico,Water,97.2,97.4,97.5,97.7,97.8,98,98.1,98.2,98.4,98.5,98.7,98.8,99,99.1,99.3,99.4,99.6,99.7,99.9,100,100
North Korea,Water,99.3,99.3,99.3,99.3,99.2,98.9,98.5,98.1,97.7,97.4,97,96.7,96.3,95.9,95.6,95.2,94.9,94.5,94.2,93.8,93.8
Portugal,Water,98.5,98.6,98.7,98.9,99,99.1,99.2,99.3,99.4,99.5,99.6,99.7,99.8,99.9,99.9,99.9,99.9,99.9,99.9,99.9,99.9
Paraguay,Water,75.6,77.3,78.9,80.4,81.9,83.3,84.7,86.1,87.5,88.9,90.3,91.6,93,94.3,95.6,96.8,98.1,99.4,99.6,99.6,99.6
Palestine,Water,90.6,91.1,91.5,91.9,92.3,92.7,93.1,93.5,93.9,94.3,94.6,95,95.4,95.8,96.1,96.4,96.7,97,97.3,97.6,97.9
French Polynesia,Water,100,100,100,100,100,100,100,100,100,100,100,100,100,100,100,100,100,100,100,100,100
Qatar,Water,100,100,100,100,100,100,100,100,100,100,100,99.9,99.9,99.8,99.8,99.7,99.6,99.6,99.6,99.6,99.6
Romania,Water,100,100,100,100,100,100,100,100,100,100,100,100,100,100,100,100,100,100,100,100,100
Russia,Water,95.3,95.3,95.4,95.5,95.5,95.6,95.7,95.8,95.9,96,96.1,96.2,96.3,96.3,96.4,96.5,96.6,96.7,96.8,96.9,97
Rwanda,Water,45.1,46.2,47.2,47.9,48.7,49.4,50.2,50.9,51.7,52.5,53.2,54,54.8,55.5,56.3,57.1,57.9,58.7,59.6,60.4,60.4
Saudi Arabia,Water,97.5,97.5,97.5,97.6,97.8,97.9,98.1,98.3,98.4,98.6,98.7,98.9,99.1,99.2,99.4,99.5,99.7,99.9,100,100,100
Sudan,Water,43.4,43.4,43.5,43.5,43.5,44.9,46.3,47.7,49.1,50.5,51.9,53.3,54.7,56.1,57.5,59,60.2,60.3,60.3,60.4,60.4
Senegal,Water,59.6,60.8,62,63.2,64.5,65.8,67.1,68.4,69.7,70.9,72.2,73.5,74.8,76.1,77.3,78.6,79.9,81.1,82.4,83.7,84.9
Singapore,Water,100,100,100,100,100,100,100,100,100,100,100,100,100,100,100,100,100,100,100,100,100
Solomon Islands,Water,78.7,78.7,78.8,78.9,78.9,78.1,77.2,76.2,75.3,74.4,73.5,72.6,71.8,70.9,70.1,69.3,68.5,67.8,67,67.2,67.3
Sierra Leone,Water,40.6,40.9,42.1,43.3,44.5,45.7,46.9,48.2,49.4,50.6,51.8,53,54.2,55.5,56.7,57.8,59,60.2,61.4,62.6,63.8
El Salvador,Water,78.2,78.4,79.7,80.9,82.2,83.4,84.6,85.8,87.1,88.4,89.7,90.9,92.1,93.3,94.4,95.6,96.6,97.2,97.6,97.8,97.9
San Marino,Water,100,100,100,100,100,100,100,100,100,100,100,100,100,100,100,100,100,100,100,100,100
Somalia,Water,23.7,25.2,26.8,28.6,30.3,32.1,33.8,33.8,36,38.1,40.3,42.4,44,45.6,47.1,48.7,50.3,51.8,53.4,54.9,56.5
Serbia,Water,89.3,89.3,89.3,89.3,89.3,89.7,90,90.4,90.8,91.1,91.5,91.9,92.2,92.6,93,93.4,93.8,94.1,94.5,94.9,95.3
Sao Tome and Principe,Water,68.1,68.7,69.4,70.1,70.8,71.4,72.1,72.7,73.3,73.9,74.4,75,75.6,76.1,76.6,77.1,77.6,78.1,78.2,78.2,78.2
Suriname,Water,89.1,89.5,90,90.5,90.9,91.4,91.8,92.2,92.7,93.1,93.5,94,94.4,94.9,95.3,95.7,96.2,96.6,97.1,97.5,98
Slovak Republic,Water,98,98,98,98,98,98,98,98,98,98.3,98.6,99,99.4,99.5,99.8,99.8,99.8,99.8,99.8,99.8,99.8
Slovenia,Water,99.5,99.5,99.5,99.5,99.5,99.5,99.5,99.5,99.5,99.5,99.5,99.5,99.5,99.5,99.5,99.5,99.5,99.5,99.5,99.5,99.5
Sweden,Water,99.4,99.4,99.5,99.5,99.5,99.5,99.6,99.6,99.6,99.6,99.7,99.7,99.7,99.7,99.8,99.8,99.8,99.8,99.8,99.8,99.8
Eswatini,Water,53.3,54.1,55,55.9,56.7,57.6,58.4,59.3,60.2,61.2,62.2,63.1,64,64.9,65.8,66.7,67.6,68.6,69.7,70.7,70.8
Syria,Water,91.5,91.6,91.8,92,92.1,92.3,92.4,92.6,92.7,92.9,93,93.1,93.2,93.3,93.3,93.5,93.7,93.8,93.9,93.9,93.9
Chad,Water,39.5,39.9,40.2,40.5,40.8,41.1,41.5,41.8,42.1,42.4,42.7,43,43.4,43.7,44.1,44.4,44.7,45.1,45.5,45.8,46.2
Togo,Water,45.3,46.6,47.8,49,50.3,51.5,52.7,54,55.2,56.4,57.6,58.8,60,61.2,62.4,63.6,64.8,66,67.2,68.4,68.6
Thailand,Water,93.9,94.3,94.7,95.1,95.5,95.9,96.3,96.7,97,97.4,97.7,98,98.4,98.7,99,99.3,99.4,99.8,99.8,100,100
Tajikistan,Water,56.5,57.8,59.1,60.3,61.6,62.9,64.2,65.5,66.8,68.1,69.5,70.8,72.1,73.5,74.9,76.2,77.6,79,80.4,81.8,81.9
Turkmenistan,Water,87.1,87.8,88.5,89.1,89.8,90.5,91.2,92,92.7,93.4,94.1,94.9,95.6,96.3,97,97.7,98.3,99,99.3,99.8,100
Tonga,Water,98.1,98.1,98.1,98.1,98.1,98.2,98.2,98.3,98.3,98.3,98.4,98.4,98.4,98.5,98.5,98.5,98.6,98.6,98.7,98.7,98.7
Trinidad and Tobago,Water,92.2,92.6,92.9,93.3,93.6,94,94.4,94.7,95.1,95.4,95.8,96.1,96.5,97.4,97.8,98.1,98.5,98.9,98.9,98.9,98.9
Tunisia,Water,88.5,89,89.4,89.8,90.1,90.5,90.9,91.2,91.5,91.9,92.2,92.4,93,93.6,94.2,94.8,95.4,96,96.5,97,97.5
Turkey,Water,93.6,93.6,93.9,94.1,94.3,94.5,94.7,94.9,95,95.2,95.4,95.6,95.8,95.9,96.1,96.3,96.4,96.6,96.7,96.9,97
Tanzania,Water,27.7,29.1,30.4,31.9,33.6,35.3,37,38.7,40.4,42.2,43.9,45.7,47.5,49.3,51.1,53,54.8,56.7,58.5,60.4,60.7
Uganda,Water,26.5,27.8,29.1,30.4,31.7,33.1,34.4,35.9,37.3,38.7,40.2,41.7,43.2,44.7,46.3,47.8,49.4,51,52.6,54.2,55.9
Ukraine,Water,98,98.1,98.2,98.2,97.7,97.3,96.9,96.4,96,95.5,95.1,94.6,94.2,94,93.6,93.7,93.7,93.8,93.9,93.9,93.9
Uruguay,Water,97,97,97.1,97.2,97.2,97.5,97.7,97.9,98,98.2,98.4,98.6,98.7,98.9,99,99.1,99.3,99.4,99.5,99.5,99.5
Uzbekistan,Water,84.8,86.2,87.5,88.9,90.3,91.6,93,94.3,95.4,95.8,96.1,96.5,96.8,97.1,97.4,97.5,97.7,97.8,97.8,97.8,97.8
Venezuela,Water,97.2,97.1,96.9,96.7,96.5,96.3,96.2,96,95.8,95.6,95.5,95.3,95.1,94.9,94.7,94.6,94.4,94.2,94,93.9,93.7
British Virgin Islands,Water,95.3,95.7,96.1,96.4,96.8,97.2,97.6,98,98.3,98.7,99.1,99.5,99.9,99.9,99.9,99.9,99.9,99.9,99.9,99.9,99.9
Virgin Islands (U.S.),Water,98.7,98.7,98.7,98.7,98.7,98.7,98.7,98.7,98.7,98.7,98.7,98.7,98.7,98.7,98.7,98.7,98.7,98.7,98.7,98.7,98.7
Vietnam,Water,80.5,81.4,82.2,83.1,83.9,84.8,85.6,86.4,87.3,88.1,88.9,89.7,90.4,91.2,92.4,93.3,94.1,94.8,95.5,96.2,96.9
Vanuatu,Water,81.9,81.9,82,82,82.1,82.8,83.6,84.3,85,85.8,86.5,87.2,87.9,88.6,89.3,90,90.7,91.3,91.2,91.2,91.2
Samoa,Water,88.7,88.7,88.7,88.8,88.8,89,89.3,89.5,89.7,90,90.2,90.4,90.7,90.9,91.1,91.3,91.5,91.7,91.8,91.8,91.8
Yemen,Water,40.9,41.1,41.3,42.6,43.8,44.9,46.1,47.2,48.3,49.4,50.5,51.6,52.7,53.7,54.8,55.8,56.8,57.8,58.8,59.7,60.7
South Africa,Water,84.5,85,85.6,86.1,86.6,87.2,87.7,88.2,88.7,89.2,89.6,90.1,90.6,91,91.4,91.9,92.3,92.7,93.1,93.5,93.9
Zambia,Water,48.2,49,49.9,50.9,51.8,52.7,53.6,54.5,55.4,56.2,57.1,58,58.8,59.7,60.5,61.3,62.2,63,63.8,64.6,65.4
Zimbabwe,Water,71.9,72,71.7,71.2,70.7,70.2,69.6,69.1,68.6,68.1,67.5,67,66.5,66,65.5,65,64.5,64,63.5,63.1,62.7